sample name,well_posetion_in_96,Plate_well,variable,Sort_id,Exp,I7 index name,I7 index (write in samplesheet),I5 index name,I5 index,,,,,,,,,,,1,2,3,4,5,6,7,8,9,10,11,12
sample1,1,1_A01,Plate 1,1_A3,LEUK37,D701,GTCGGTAA,D501,TATAGCCT,,,,,,,,,,A,1,9,17,25,33,41,49,57,65,73,81,89
sample2,9,1_A02,Plate 1,1_A4,LEUK37,D709,TAGTTGCG,D501,TATAGCCT,,,,,,,,,,B,2,10,18,26,34,42,50,58,66,74,82,90
sample3,17,1_A03,Plate 1,1_A6,LEUK37,D717,GCTATCCT,D501,TATAGCCT,,,,,,,,,,C,3,11,19,27,35,43,51,59,67,75,83,91
sample4,25,1_A04,Plate 1,1_A8,LEUK37,D725,ACCTGGAA,D501,TATAGCCT,,,,,,,,,,D,4,12,20,28,36,44,52,60,68,76,84,92
sample5,33,1_A05,Plate 1,1_A9,LEUK37,D733,TGCTTCCA,D501,TATAGCCT,,,,,,,,,,E,5,13,21,29,37,45,53,61,69,77,85,93
sample6,41,1_A06,Plate 1,1_A11,LEUK37,D741,ATGACGTC,D501,TATAGCCT,,,,,,,,,,F,6,14,22,30,38,46,54,62,70,78,86,94
sample7,49,1_A07,Plate 1,1_A12,LEUK37,D749,ACGGTCTT,D501,TATAGCCT,,,,,,,,,,G,7,15,23,31,39,47,55,63,71,79,87,95
sample8,57,1_A08,Plate 1,1_B1,LEUK37,D757,TGTTCGAG,D501,TATAGCCT,,,,,,,,,,H,8,16,24,32,40,48,56,64,72,80,88,96
sample9,65,1_A09,Plate 1,1_B3,LEUK37,D765,AGTTCGTC,D501,TATAGCCT,,,,,,,,,,,,,,,,,,,,,,
sample10,73,1_A10,Plate 1,1_B4,LEUK37,D773,AGCTCCTA,D501,TATAGCCT,,,,,,,,,,,,,,,,,,,,,,
sample11,81,1_A11,Plate 1,1_B5,LEUK37,D781,TGGTAGCT,D501,TATAGCCT,,,,,,,,,,,,,,,,,,,,,,
sample12,89,1_A12,Plate 1,1_B6,LEUK37,D789,CTCTGGTT,D501,TATAGCCT,,,,,,,,,,,,,,,,,,,,,,
sample13,2,1_B01,Plate 1,1_B7,LEUK37,D702,AGGTCACT,D501,TATAGCCT,,,,,,,,,,,,,,,,,,,,,,
sample14,10,1_B02,Plate 1,1_B8,LEUK37,D710,GAGATACG,D501,TATAGCCT,,,,,,,,,,,,,,,,,,,,,,
sample15,18,1_B03,Plate 1,1_B9,LEUK37,D718,ATGGAAGG,D501,TATAGCCT,,,,,,,,,,,,,,,,,,,,,,
sample16,26,1_B04,Plate 1,1_B10,LEUK37,D726,GGAGATGA,D501,TATAGCCT,,,,,,,,,,,,,,,,,,,,,,
sample17,34,1_B05,Plate 1,1_B11,LEUK37,D734,GCTTAGCT,D501,TATAGCCT,,,,,,,,,,,,,,,,,,,,,,
sample18,42,1_B06,Plate 1,1_B12,LEUK37,D742,GCTGTAAG,D501,TATAGCCT,,,,,,,,,,,,,,,,,,,,,,
sample19,50,1_B07,Plate 1,1_C2,LEUK37,D750,TCTCGCAA,D501,TATAGCCT,,,,,,,,,,,,,,,,,,,,,,
sample20,58,1_B08,Plate 1,1_C3,LEUK37,D758,TGGAGTTG,D501,TATAGCCT,,,,,,,,,,,,,,,,,,,,,,
sample21,66,1_B09,Plate 1,1_C4,LEUK37,D766,TAGCGTCT,D501,TATAGCCT,,,,,,,,,,,,,,,,,,,,,,
sample22,74,1_B10,Plate 1,1_C5,LEUK37,D774,GCAATTCG,D501,TATAGCCT,,,,,,,,,,,,,,,,,,,,,,
sample23,82,1_B11,Plate 1,1_C9,LEUK37,D782,CAGTGAAG,D501,TATAGCCT,,,,,,,,,,,,,,,,,,,,,,
sample24,90,1_B12,Plate 1,1_C10,LEUK37,D790,TGTGGTAC,D501,TATAGCCT,,,,,,,,,,,,,,,,,,,,,,
sample25,3,1_C01,Plate 1,1_C11,LEUK37,D703,GAATCCGA,D501,TATAGCCT,,,,,,,,,,,,,,,,,,,,,,
sample26,11,1_C02,Plate 1,1_C12,LEUK37,D711,AGGTGTAC,D501,TATAGCCT,,,,,,,,,,,,,,,,,,,,,,
sample27,19,1_C03,Plate 1,1_D2,LEUK37,D719,TCAAGGAC,D501,TATAGCCT,,,,,,,,,,,,,,,,,,,,,,
sample28,27,1_C04,Plate 1,1_D3,LEUK37,D727,GTACTCTC,D501,TATAGCCT,,,,,,,,,,,,,,,,,,,,,,
sample29,35,1_C05,Plate 1,1_D5,LEUK37,D735,AACCGTTC,D501,TATAGCCT,,,,,,,,,,,,,,,,,,,,,,
sample30,43,1_C06,Plate 1,1_D6,LEUK37,D743,GCAATGGA,D501,TATAGCCT,,,,,,,,,,,,,,,,,,,,,,
sample31,51,1_C07,Plate 1,1_D8,LEUK37,D751,GGAATTGC,D501,TATAGCCT,,,,,,,,,,,,,,,,,,,,,,
sample32,59,1_C08,Plate 1,1_D10,LEUK37,D759,ACGATGAC,D501,TATAGCCT,,,,,,,,,,,,,,,,,,,,,,
sample33,67,1_C09,Plate 1,1_D11,LEUK37,D767,GGCGTTAT,D501,TATAGCCT,,,,,,,,,,,,,,,,,,,,,,
sample34,75,1_C10,Plate 1,1_D12,LEUK37,D775,CTTAGGAC,D501,TATAGCCT,,,,,,,,,,,,,,,,,,,,,,
sample35,83,1_C11,Plate 1,1_E2,LEUK37,D783,GTTCAACC,D501,TATAGCCT,,,,,,,,,,,,,,,,,,,,,,
sample36,91,1_C12,Plate 1,1_E4,LEUK37,D791,CCTATACC,D501,TATAGCCT,,,,,,,,,,,,,,,,,,,,,,
sample37,4,1_D01,Plate 1,1_E5,LEUK37,D704,GTACCTTG,D501,TATAGCCT,,,,,,,,,,,,,,,,,,,,,,
sample38,12,1_D02,Plate 1,1_E7,LEUK37,D712,TAATGCCG,D501,TATAGCCT,,,,,,,,,,,,,,,,,,,,,,
sample39,20,1_D03,Plate 1,1_E8,LEUK37,D720,GTTACGCA,D501,TATAGCCT,,,,,,,,,,,,,,,,,,,,,,
sample40,28,1_D04,Plate 1,1_E9,LEUK37,D728,GTAACGAC,D501,TATAGCCT,,,,,,,,,,,,,,,,,,,,,,
sample41,36,1_D05,Plate 1,1_E11,LEUK37,D736,GACATTCC,D501,TATAGCCT,,,,,,,,,,,,,,,,,,,,,,
sample42,44,1_D06,Plate 1,1_E12,LEUK37,D744,ATCTCGCT,D501,TATAGCCT,,,,,,,,,,,,,,,,,,,,,,
sample43,52,1_D07,Plate 1,1_F1,LEUK37,D752,ACGGATTC,D501,TATAGCCT,,,,,,,,,,,,,,,,,,,,,,
sample44,60,1_D08,Plate 1,1_F2,LEUK37,D760,TGATGTCC,D501,TATAGCCT,,,,,,,,,,,,,,,,,,,,,,
sample45,68,1_D09,Plate 1,1_F3,LEUK37,D768,GGTGATTC,D501,TATAGCCT,,,,,,,,,,,,,,,,,,,,,,
sample46,76,1_D10,Plate 1,1_F4,LEUK37,D776,GTCCTAAG,D501,TATAGCCT,,,,,,,,,,,,,,,,,,,,,,
sample47,84,1_D11,Plate 1,1_F5,LEUK37,D784,TGGCTATC,D501,TATAGCCT,,,,,,,,,,,,,,,,,,,,,,
sample48,92,1_D12,Plate 1,1_F6,LEUK37,D792,TTCTCTCG,D501,TATAGCCT,,,,,,,,,,,,,,,,,,,,,,
sample49,5,1_E01,Plate 1,1_F8,LEUK37,D705,CATGAGGA,D501,TATAGCCT,,,,,,,,,,,,,,,,,,,,,,
sample50,13,1_E02,Plate 1,1_F9,LEUK37,D713,TCAGACGA,D501,TATAGCCT,,,,,,,,,,,,,,,,,,,,,,
sample51,21,1_E03,Plate 1,1_F11,LEUK37,D721,AGTCTGTG,D501,TATAGCCT,,,,,,,,,,,,,,,,,,,,,,
sample52,29,1_E04,Plate 1,1_F12,LEUK37,D729,ATTCCTCC,D501,TATAGCCT,,,,,,,,,,,,,,,,,,,,,,
sample53,37,1_E05,Plate 1,1_G2,LEUK37,D737,AGACCGTA,D501,TATAGCCT,,,,,,,,,,,,,,,,,,,,,,
sample54,45,1_E06,Plate 1,1_G3,LEUK37,D745,GGCTATTG,D501,TATAGCCT,,,,,,,,,,,,,,,,,,,,,,
sample55,53,1_E07,Plate 1,1_G6,LEUK37,D753,TTAAGCGG,D501,TATAGCCT,,,,,,,,,,,,,,,,,,,,,,
sample56,61,1_E08,Plate 1,1_G8,LEUK37,D761,TGAACCTG,D501,TATAGCCT,,,,,,,,,,,,,,,,,,,,,,
sample57,69,1_E09,Plate 1,1_G9,LEUK37,D769,AACTTGCC,D501,TATAGCCT,,,,,,,,,,,,,,,,,,,,,,
sample58,77,1_E10,Plate 1,1_G10,LEUK37,D777,AACGTGGA,D501,TATAGCCT,,,,,,,,,,,,,,,,,,,,,,
sample59,85,1_E11,Plate 1,1_G11,LEUK37,D785,CTGGAGTA,D501,TATAGCCT,,,,,,,,,,,,,,,,,,,,,,
sample60,93,1_E12,Plate 1,1_G12,LEUK37,D793,GTATGCTG,D501,TATAGCCT,,,,,,,,,,,,,,,,,,,,,,
sample61,6,1_F01,Plate 1,1_H2,LEUK37,D706,TGACTGAC,D501,TATAGCCT,,,,,,,,,,,,,,,,,,,,,,
sample62,14,1_F02,Plate 1,1_H3,LEUK37,D714,GATAGGCT,D501,TATAGCCT,,,,,,,,,,,,,,,,,,,,,,
sample63,22,1_F03,Plate 1,1_H5,LEUK37,D722,GCACGTAA,D501,TATAGCCT,,,,,,,,,,,,,,,,,,,,,,
sample64,30,1_F04,Plate 1,1_H6,LEUK37,D730,GTGTTCCT,D501,TATAGCCT,,,,,,,,,,,,,,,,,,,,,,
sample65,38,1_F05,Plate 1,1_H7,LEUK37,D738,GATACTGG,D501,TATAGCCT,,,,,,,,,,,,,,,,,,,,,,
sample66,46,1_F06,Plate 1,1_H8,LEUK37,D746,GGTGTCTT,D501,TATAGCCT,,,,,,,,,,,,,,,,,,,,,,
sample67,54,1_F07,Plate 1,1_H9,LEUK37,D754,TGCAGGTA,D501,TATAGCCT,,,,,,,,,,,,,,,,,,,,,,
sample68,62,1_F08,Plate 1,1_H10,LEUK37,D762,CTTCGTTC,D501,TATAGCCT,,,,,,,,,,,,,,,,,,,,,,
sample69,70,1_F09,Plate 1,2_A1,LEUK37,D770,GCAAGATC,D501,TATAGCCT,,,,,,,,,,,,,,,,,,,,,,
sample70,78,1_F10,Plate 1,2_A2,LEUK37,D778,CTGTGTTG,D501,TATAGCCT,,,,,,,,,,,,,,,,,,,,,,
sample71,86,1_F11,Plate 1,2_A3,LEUK37,D786,TCTCTTCC,D501,TATAGCCT,,,,,,,,,,,,,,,,,,,,,,
sample72,94,1_F12,Plate 1,2_A4,LEUK37,D794,AAGTCGAG,D501,TATAGCCT,,,,,,,,,,,,,,,,,,,,,,
sample73,7,1_G01,Plate 1,2_A6,LEUK37,D707,CGTATTCG,D501,TATAGCCT,,,,,,,,,,,,,,,,,,,,,,
sample74,15,1_G02,Plate 1,2_A7,LEUK37,D715,TGGTACAG,D501,TATAGCCT,,,,,,,,,,,,,,,,,,,,,,
sample75,23,1_G03,Plate 1,2_A8,LEUK37,D723,AACCTTGG,D501,TATAGCCT,,,,,,,,,,,,,,,,,,,,,,
sample76,31,1_G04,Plate 1,2_A9,LEUK37,D731,AAGCACTG,D501,TATAGCCT,,,,,,,,,,,,,,,,,,,,,,
sample77,39,1_G05,Plate 1,2_A12,LEUK37,D739,TGCGTAGA,D501,TATAGCCT,,,,,,,,,,,,,,,,,,,,,,
sample78,47,1_G06,Plate 1,2_B1,LEUK37,D747,TCAACTGG,D501,TATAGCCT,,,,,,,,,,,,,,,,,,,,,,
sample79,55,1_G07,Plate 1,2_B2,LEUK37,D755,CAATCGAC,D501,TATAGCCT,,,,,,,,,,,,,,,,,,,,,,
sample80,63,1_G08,Plate 1,2_B3,LEUK37,D763,CTTCTGAG,D501,TATAGCCT,,,,,,,,,,,,,,,,,,,,,,
sample81,71,1_G09,Plate 1,2_B4,LEUK37,D771,TCGCATTG,D501,TATAGCCT,,,,,,,,,,,,,,,,,,,,,,
sample82,79,1_G10,Plate 1,2_B5,LEUK37,D779,GTTAAGGC,D501,TATAGCCT,,,,,,,,,,,,,,,,,,,,,,
sample83,87,1_G11,Plate 1,2_B6,LEUK37,D787,TCTAACGC,D501,TATAGCCT,,,,,,,,,,,,,,,,,,,,,,
sample84,95,1_G12,Plate 1,2_B7,LEUK37,D795,AACCGAAG,D501,TATAGCCT,,,,,,,,,,,,,,,,,,,,,,
sample85,8,1_H01,Plate 1,2_B9,LEUK37,D708,CTCCTAGA,D501,TATAGCCT,,,,,,,,,,,,,,,,,,,,,,
sample86,16,1_H02,Plate 1,2_B10,LEUK37,D716,CAAGGTCT,D501,TATAGCCT,,,,,,,,,,,,,,,,,,,,,,
sample87,24,1_H03,Plate 1,2_B11,LEUK37,D724,ATTGCGTG,D501,TATAGCCT,,,,,,,,,,,,,,,,,,,,,,
sample88,32,1_H04,Plate 1,2_B12,LEUK37,D732,CTAGCAAG,D501,TATAGCCT,,,,,,,,,,,,,,,,,,,,,,
sample89,40,1_H05,Plate 1,2_C1,LEUK37,D740,TCGGTTAC,D501,TATAGCCT,,,,,,,,,,,,,,,,,,,,,,
sample90,48,1_H06,Plate 1,2_C3,LEUK37,D748,CTTCACCA,D501,TATAGCCT,,,,,,,,,,,,,,,,,,,,,,
sample91,56,1_H07,Plate 1,2_C4,LEUK37,D756,GTGCCATA,D501,TATAGCCT,,,,,,,,,,,,,,,,,,,,,,
sample92,64,1_H08,Plate 1,2_C5,LEUK37,D764,TGCTCATG,D501,TATAGCCT,,,,,,,,,,,,,,,,,,,,,,
sample93,72,1_H09,Plate 1,2_C6,LEUK37,D772,TGTACACC,D501,TATAGCCT,,,,,,,,,,,,,,,,,,,,,,
sample94,80,1_H10,Plate 1,2_C7,LEUK37,D780,CACCTTAC,D501,TATAGCCT,,,,,,,,,,,,,,,,,,,,,,
sample95,88,1_H11,Plate 1,2_C8,LEUK37,D788,GGTCAGAT,D501,TATAGCCT,,,,,,,,,,,,,,,,,,,,,,
sample96,96,1_H12,Plate 1,2_C9,LEUK37,D796,TGTTGTGG,D501,TATAGCCT,,,,,,,,,,,,,,,,,,,,,,
sample97,1,2_A01,Plate 2,2_C10,LEUK37,D701,GTCGGTAA,D502,ATAGAGGC,,,,,,,,,,,,,,,,,,,,,,
sample98,9,2_A02,Plate 2,2_C11,LEUK37,D709,TAGTTGCG,D502,ATAGAGGC,,,,,,,,,,,,,,,,,,,,,,
sample99,17,2_A03,Plate 2,2_D1,LEUK37,D717,GCTATCCT,D502,ATAGAGGC,,,,,,,,,,,,,,,,,,,,,,
sample100,25,2_A04,Plate 2,2_D2,LEUK37,D725,ACCTGGAA,D502,ATAGAGGC,,,,,,,,,,,,,,,,,,,,,,
sample101,33,2_A05,Plate 2,2_D3,LEUK37,D733,TGCTTCCA,D502,ATAGAGGC,,,,,,,,,,,,,,,,,,,,,,
sample102,41,2_A06,Plate 2,2_D4,LEUK37,D741,ATGACGTC,D502,ATAGAGGC,,,,,,,,,,,,,,,,,,,,,,
sample103,49,2_A07,Plate 2,2_D5,LEUK37,D749,ACGGTCTT,D502,ATAGAGGC,,,,,,,,,,,,,,,,,,,,,,
sample104,57,2_A08,Plate 2,2_D6,LEUK37,D757,TGTTCGAG,D502,ATAGAGGC,,,,,,,,,,,,,,,,,,,,,,
sample105,65,2_A09,Plate 2,2_D7,LEUK37,D765,AGTTCGTC,D502,ATAGAGGC,,,,,,,,,,,,,,,,,,,,,,
sample106,73,2_A10,Plate 2,2_D8,LEUK37,D773,AGCTCCTA,D502,ATAGAGGC,,,,,,,,,,,,,,,,,,,,,,
sample107,81,2_A11,Plate 2,2_D9,LEUK37,D781,TGGTAGCT,D502,ATAGAGGC,,,,,,,,,,,,,,,,,,,,,,
sample108,89,2_A12,Plate 2,2_D10,LEUK37,D789,CTCTGGTT,D502,ATAGAGGC,,,,,,,,,,,,,,,,,,,,,,
sample109,2,2_B01,Plate 2,2_D11,LEUK37,D702,AGGTCACT,D502,ATAGAGGC,,,,,,,,,,,,,,,,,,,,,,
sample110,10,2_B02,Plate 2,2_D12,LEUK37,D710,GAGATACG,D502,ATAGAGGC,,,,,,,,,,,,,,,,,,,,,,
sample111,18,2_B03,Plate 2,2_E4,LEUK37,D718,ATGGAAGG,D502,ATAGAGGC,,,,,,,,,,,,,,,,,,,,,,
sample112,26,2_B04,Plate 2,2_E5,LEUK37,D726,GGAGATGA,D502,ATAGAGGC,,,,,,,,,,,,,,,,,,,,,,
sample113,34,2_B05,Plate 2,2_E7,LEUK37,D734,GCTTAGCT,D502,ATAGAGGC,,,,,,,,,,,,,,,,,,,,,,
sample114,42,2_B06,Plate 2,2_E8,LEUK37,D742,GCTGTAAG,D502,ATAGAGGC,,,,,,,,,,,,,,,,,,,,,,
sample115,50,2_B07,Plate 2,2_E10,LEUK37,D750,TCTCGCAA,D502,ATAGAGGC,,,,,,,,,,,,,,,,,,,,,,
sample116,58,2_B08,Plate 2,2_F1,LEUK37,D758,TGGAGTTG,D502,ATAGAGGC,,,,,,,,,,,,,,,,,,,,,,
sample117,66,2_B09,Plate 2,2_F2,LEUK37,D766,TAGCGTCT,D502,ATAGAGGC,,,,,,,,,,,,,,,,,,,,,,
sample118,74,2_B10,Plate 2,2_F3,LEUK37,D774,GCAATTCG,D502,ATAGAGGC,,,,,,,,,,,,,,,,,,,,,,
sample119,82,2_B11,Plate 2,2_F4,LEUK37,D782,CAGTGAAG,D502,ATAGAGGC,,,,,,,,,,,,,,,,,,,,,,
sample120,90,2_B12,Plate 2,2_F5,LEUK37,D790,TGTGGTAC,D502,ATAGAGGC,,,,,,,,,,,,,,,,,,,,,,
sample121,3,2_C01,Plate 2,2_F6,LEUK37,D703,GAATCCGA,D502,ATAGAGGC,,,,,,,,,,,,,,,,,,,,,,
sample122,11,2_C02,Plate 2,2_F8,LEUK37,D711,AGGTGTAC,D502,ATAGAGGC,,,,,,,,,,,,,,,,,,,,,,
sample123,19,2_C03,Plate 2,2_F11,LEUK37,D719,TCAAGGAC,D502,ATAGAGGC,,,,,,,,,,,,,,,,,,,,,,
sample124,27,2_C04,Plate 2,2_F12,LEUK37,D727,GTACTCTC,D502,ATAGAGGC,,,,,,,,,,,,,,,,,,,,,,
sample125,35,2_C05,Plate 2,2_G3,LEUK37,D735,AACCGTTC,D502,ATAGAGGC,,,,,,,,,,,,,,,,,,,,,,
sample126,43,2_C06,Plate 2,2_G4,LEUK37,D743,GCAATGGA,D502,ATAGAGGC,,,,,,,,,,,,,,,,,,,,,,
sample127,51,2_C07,Plate 2,2_G6,LEUK37,D751,GGAATTGC,D502,ATAGAGGC,,,,,,,,,,,,,,,,,,,,,,
sample128,59,2_C08,Plate 2,2_G7,LEUK37,D759,ACGATGAC,D502,ATAGAGGC,,,,,,,,,,,,,,,,,,,,,,
sample129,67,2_C09,Plate 2,2_G10,LEUK37,D767,GGCGTTAT,D502,ATAGAGGC,,,,,,,,,,,,,,,,,,,,,,
sample130,75,2_C10,Plate 2,2_G12,LEUK37,D775,CTTAGGAC,D502,ATAGAGGC,,,,,,,,,,,,,,,,,,,,,,
sample131,83,2_C11,Plate 2,2_H1,LEUK37,D783,GTTCAACC,D502,ATAGAGGC,,,,,,,,,,,,,,,,,,,,,,
sample132,91,2_C12,Plate 2,2_H2,LEUK37,D791,CCTATACC,D502,ATAGAGGC,,,,,,,,,,,,,,,,,,,,,,
sample133,4,2_D01,Plate 2,2_H3,LEUK37,D704,GTACCTTG,D502,ATAGAGGC,,,,,,,,,,,,,,,,,,,,,,
sample134,12,2_D02,Plate 2,2_H6,LEUK37,D712,TAATGCCG,D502,ATAGAGGC,,,,,,,,,,,,,,,,,,,,,,
sample135,20,2_D03,Plate 2,2_H7,LEUK37,D720,GTTACGCA,D502,ATAGAGGC,,,,,,,,,,,,,,,,,,,,,,
sample136,28,2_D04,Plate 2,2_H9,LEUK37,D728,GTAACGAC,D502,ATAGAGGC,,,,,,,,,,,,,,,,,,,,,,
sample137,36,2_D05,Plate 2,2_H10,LEUK37,D736,GACATTCC,D502,ATAGAGGC,,,,,,,,,,,,,,,,,,,,,,
sample138,44,2_D06,Plate 2,2_H12,LEUK37,D744,ATCTCGCT,D502,ATAGAGGC,,,,,,,,,,,,,,,,,,,,,,
sample139,52,2_D07,Plate 2,3_A1,LEUK37,D752,ACGGATTC,D502,ATAGAGGC,,,,,,,,,,,,,,,,,,,,,,
sample140,60,2_D08,Plate 2,3_A2,LEUK37,D760,TGATGTCC,D502,ATAGAGGC,,,,,,,,,,,,,,,,,,,,,,
sample141,68,2_D09,Plate 2,3_A3,LEUK37,D768,GGTGATTC,D502,ATAGAGGC,,,,,,,,,,,,,,,,,,,,,,
sample142,76,2_D10,Plate 2,3_A4,LEUK37,D776,GTCCTAAG,D502,ATAGAGGC,,,,,,,,,,,,,,,,,,,,,,
sample143,84,2_D11,Plate 2,3_A6,LEUK37,D784,TGGCTATC,D502,ATAGAGGC,,,,,,,,,,,,,,,,,,,,,,
sample144,92,2_D12,Plate 2,3_A7,LEUK37,D792,TTCTCTCG,D502,ATAGAGGC,,,,,,,,,,,,,,,,,,,,,,
sample145,5,2_E01,Plate 2,3_A8,LEUK37,D705,CATGAGGA,D502,ATAGAGGC,,,,,,,,,,,,,,,,,,,,,,
sample146,13,2_E02,Plate 2,3_A9,LEUK37,D713,TCAGACGA,D502,ATAGAGGC,,,,,,,,,,,,,,,,,,,,,,
sample147,21,2_E03,Plate 2,3_A10,LEUK37,D721,AGTCTGTG,D502,ATAGAGGC,,,,,,,,,,,,,,,,,,,,,,
sample148,29,2_E04,Plate 2,3_A11,LEUK37,D729,ATTCCTCC,D502,ATAGAGGC,,,,,,,,,,,,,,,,,,,,,,
sample149,37,2_E05,Plate 2,3_B1,LEUK37,D737,AGACCGTA,D502,ATAGAGGC,,,,,,,,,,,,,,,,,,,,,,
sample150,45,2_E06,Plate 2,3_B2,LEUK37,D745,GGCTATTG,D502,ATAGAGGC,,,,,,,,,,,,,,,,,,,,,,
sample151,53,2_E07,Plate 2,3_B4,LEUK37,D753,TTAAGCGG,D502,ATAGAGGC,,,,,,,,,,,,,,,,,,,,,,
sample152,61,2_E08,Plate 2,3_B5,LEUK37,D761,TGAACCTG,D502,ATAGAGGC,,,,,,,,,,,,,,,,,,,,,,
sample153,69,2_E09,Plate 2,3_B6,LEUK37,D769,AACTTGCC,D502,ATAGAGGC,,,,,,,,,,,,,,,,,,,,,,
sample154,77,2_E10,Plate 2,3_B7,LEUK37,D777,AACGTGGA,D502,ATAGAGGC,,,,,,,,,,,,,,,,,,,,,,
sample155,85,2_E11,Plate 2,3_B8,LEUK37,D785,CTGGAGTA,D502,ATAGAGGC,,,,,,,,,,,,,,,,,,,,,,
sample156,93,2_E12,Plate 2,3_B9,LEUK37,D793,GTATGCTG,D502,ATAGAGGC,,,,,,,,,,,,,,,,,,,,,,
sample157,6,2_F01,Plate 2,3_B12,LEUK37,D706,TGACTGAC,D502,ATAGAGGC,,,,,,,,,,,,,,,,,,,,,,
sample158,14,2_F02,Plate 2,3_C1,LEUK37,D714,GATAGGCT,D502,ATAGAGGC,,,,,,,,,,,,,,,,,,,,,,
sample159,22,2_F03,Plate 2,3_C3,LEUK37,D722,GCACGTAA,D502,ATAGAGGC,,,,,,,,,,,,,,,,,,,,,,
sample160,30,2_F04,Plate 2,3_C4,LEUK37,D730,GTGTTCCT,D502,ATAGAGGC,,,,,,,,,,,,,,,,,,,,,,
sample161,38,2_F05,Plate 2,3_C5,LEUK37,D738,GATACTGG,D502,ATAGAGGC,,,,,,,,,,,,,,,,,,,,,,
sample162,46,2_F06,Plate 2,3_C6,LEUK37,D746,GGTGTCTT,D502,ATAGAGGC,,,,,,,,,,,,,,,,,,,,,,
sample163,54,2_F07,Plate 2,3_C7,LEUK37,D754,TGCAGGTA,D502,ATAGAGGC,,,,,,,,,,,,,,,,,,,,,,
sample164,62,2_F08,Plate 2,3_C8,LEUK37,D762,CTTCGTTC,D502,ATAGAGGC,,,,,,,,,,,,,,,,,,,,,,
sample165,70,2_F09,Plate 2,3_C10,LEUK37,D770,GCAAGATC,D502,ATAGAGGC,,,,,,,,,,,,,,,,,,,,,,
sample166,78,2_F10,Plate 2,3_C11,LEUK37,D778,CTGTGTTG,D502,ATAGAGGC,,,,,,,,,,,,,,,,,,,,,,
sample167,86,2_F11,Plate 2,3_C12,LEUK37,D786,TCTCTTCC,D502,ATAGAGGC,,,,,,,,,,,,,,,,,,,,,,
sample168,94,2_F12,Plate 2,3_D3,LEUK37,D794,AAGTCGAG,D502,ATAGAGGC,,,,,,,,,,,,,,,,,,,,,,
sample169,7,2_G01,Plate 2,3_D4,LEUK37,D707,CGTATTCG,D502,ATAGAGGC,,,,,,,,,,,,,,,,,,,,,,
sample170,15,2_G02,Plate 2,3_D5,LEUK37,D715,TGGTACAG,D502,ATAGAGGC,,,,,,,,,,,,,,,,,,,,,,
sample171,23,2_G03,Plate 2,3_D6,LEUK37,D723,AACCTTGG,D502,ATAGAGGC,,,,,,,,,,,,,,,,,,,,,,
sample172,31,2_G04,Plate 2,3_D8,LEUK37,D731,AAGCACTG,D502,ATAGAGGC,,,,,,,,,,,,,,,,,,,,,,
sample173,39,2_G05,Plate 2,3_D9,LEUK37,D739,TGCGTAGA,D502,ATAGAGGC,,,,,,,,,,,,,,,,,,,,,,
sample174,47,2_G06,Plate 2,3_D11,LEUK37,D747,TCAACTGG,D502,ATAGAGGC,,,,,,,,,,,,,,,,,,,,,,
sample175,55,2_G07,Plate 2,3_E2,LEUK37,D755,CAATCGAC,D502,ATAGAGGC,,,,,,,,,,,,,,,,,,,,,,
sample176,63,2_G08,Plate 2,3_E3,LEUK37,D763,CTTCTGAG,D502,ATAGAGGC,,,,,,,,,,,,,,,,,,,,,,
sample177,71,2_G09,Plate 2,3_E4,LEUK37,D771,TCGCATTG,D502,ATAGAGGC,,,,,,,,,,,,,,,,,,,,,,
sample178,79,2_G10,Plate 2,3_E5,LEUK37,D779,GTTAAGGC,D502,ATAGAGGC,,,,,,,,,,,,,,,,,,,,,,
sample179,87,2_G11,Plate 2,3_E7,LEUK37,D787,TCTAACGC,D502,ATAGAGGC,,,,,,,,,,,,,,,,,,,,,,
sample180,95,2_G12,Plate 2,3_E9,LEUK37,D795,AACCGAAG,D502,ATAGAGGC,,,,,,,,,,,,,,,,,,,,,,
sample181,8,2_H01,Plate 2,3_E10,LEUK37,D708,CTCCTAGA,D502,ATAGAGGC,,,,,,,,,,,,,,,,,,,,,,
sample182,16,2_H02,Plate 2,3_E12,LEUK37,D716,CAAGGTCT,D502,ATAGAGGC,,,,,,,,,,,,,,,,,,,,,,
sample183,24,2_H03,Plate 2,3_F1,LEUK37,D724,ATTGCGTG,D502,ATAGAGGC,,,,,,,,,,,,,,,,,,,,,,
sample184,32,2_H04,Plate 2,3_F3,LEUK37,D732,CTAGCAAG,D502,ATAGAGGC,,,,,,,,,,,,,,,,,,,,,,
sample185,40,2_H05,Plate 2,3_F5,LEUK37,D740,TCGGTTAC,D502,ATAGAGGC,,,,,,,,,,,,,,,,,,,,,,
sample186,48,2_H06,Plate 2,3_F6,LEUK37,D748,CTTCACCA,D502,ATAGAGGC,,,,,,,,,,,,,,,,,,,,,,
sample187,56,2_H07,Plate 2,3_F7,LEUK37,D756,GTGCCATA,D502,ATAGAGGC,,,,,,,,,,,,,,,,,,,,,,
sample188,64,2_H08,Plate 2,3_F8,LEUK37,D764,TGCTCATG,D502,ATAGAGGC,,,,,,,,,,,,,,,,,,,,,,
sample189,72,2_H09,Plate 2,3_F10,LEUK37,D772,TGTACACC,D502,ATAGAGGC,,,,,,,,,,,,,,,,,,,,,,
sample190,80,2_H10,Plate 2,3_F11,LEUK37,D780,CACCTTAC,D502,ATAGAGGC,,,,,,,,,,,,,,,,,,,,,,
sample191,88,2_H11,Plate 2,3_F12,LEUK37,D788,GGTCAGAT,D502,ATAGAGGC,,,,,,,,,,,,,,,,,,,,,,
sample192,96,2_H12,Plate 2,3_G2,LEUK37,D796,TGTTGTGG,D502,ATAGAGGC,,,,,,,,,,,,,,,,,,,,,,
sample193,1,3_A01,Plate 3,3_G4,LEUK37,D701,GTCGGTAA,D503,CCTATCCT,,,,,,,,,,,,,,,,,,,,,,
sample194,9,3_A02,Plate 3,3_G5,LEUK37,D709,TAGTTGCG,D503,CCTATCCT,,,,,,,,,,,,,,,,,,,,,,
sample195,17,3_A03,Plate 3,3_G6,LEUK37,D717,GCTATCCT,D503,CCTATCCT,,,,,,,,,,,,,,,,,,,,,,
sample196,25,3_A04,Plate 3,3_G7,LEUK37,D725,ACCTGGAA,D503,CCTATCCT,,,,,,,,,,,,,,,,,,,,,,
sample197,33,3_A05,Plate 3,3_G8,LEUK37,D733,TGCTTCCA,D503,CCTATCCT,,,,,,,,,,,,,,,,,,,,,,
sample198,41,3_A06,Plate 3,3_G9,LEUK37,D741,ATGACGTC,D503,CCTATCCT,,,,,,,,,,,,,,,,,,,,,,
sample199,49,3_A07,Plate 3,3_G10,LEUK37,D749,ACGGTCTT,D503,CCTATCCT,,,,,,,,,,,,,,,,,,,,,,
sample200,57,3_A08,Plate 3,3_G12,LEUK37,D757,TGTTCGAG,D503,CCTATCCT,,,,,,,,,,,,,,,,,,,,,,
sample201,65,3_A09,Plate 3,3_H2,LEUK37,D765,AGTTCGTC,D503,CCTATCCT,,,,,,,,,,,,,,,,,,,,,,
sample202,73,3_A10,Plate 3,3_H4,LEUK37,D773,AGCTCCTA,D503,CCTATCCT,,,,,,,,,,,,,,,,,,,,,,
sample203,81,3_A11,Plate 3,3_H5,LEUK37,D781,TGGTAGCT,D503,CCTATCCT,,,,,,,,,,,,,,,,,,,,,,
sample204,89,3_A12,Plate 3,3_H6,LEUK37,D789,CTCTGGTT,D503,CCTATCCT,,,,,,,,,,,,,,,,,,,,,,
sample205,2,3_B01,Plate 3,3_H8,LEUK37,D702,AGGTCACT,D503,CCTATCCT,,,,,,,,,,,,,,,,,,,,,,
sample206,10,3_B02,Plate 3,3_H12,LEUK37,D710,GAGATACG,D503,CCTATCCT,,,,,,,,,,,,,,,,,,,,,,
sample207,18,3_B03,Plate 3,4_A1,LEUK37,D718,ATGGAAGG,D503,CCTATCCT,,,,,,,,,,,,,,,,,,,,,,
sample208,26,3_B04,Plate 3,4_A2,LEUK37,D726,GGAGATGA,D503,CCTATCCT,,,,,,,,,,,,,,,,,,,,,,
sample209,34,3_B05,Plate 3,4_A4,LEUK37,D734,GCTTAGCT,D503,CCTATCCT,,,,,,,,,,,,,,,,,,,,,,
sample210,42,3_B06,Plate 3,4_A8,LEUK37,D742,GCTGTAAG,D503,CCTATCCT,,,,,,,,,,,,,,,,,,,,,,
sample211,50,3_B07,Plate 3,4_A9,LEUK37,D750,TCTCGCAA,D503,CCTATCCT,,,,,,,,,,,,,,,,,,,,,,
sample212,58,3_B08,Plate 3,4_A10,LEUK37,D758,TGGAGTTG,D503,CCTATCCT,,,,,,,,,,,,,,,,,,,,,,
sample213,66,3_B09,Plate 3,4_A11,LEUK37,D766,TAGCGTCT,D503,CCTATCCT,,,,,,,,,,,,,,,,,,,,,,
sample214,74,3_B10,Plate 3,4_A12,LEUK37,D774,GCAATTCG,D503,CCTATCCT,,,,,,,,,,,,,,,,,,,,,,
sample215,82,3_B11,Plate 3,4_B2,LEUK37,D782,CAGTGAAG,D503,CCTATCCT,,,,,,,,,,,,,,,,,,,,,,
sample216,90,3_B12,Plate 3,4_B3,LEUK37,D790,TGTGGTAC,D503,CCTATCCT,,,,,,,,,,,,,,,,,,,,,,
sample217,3,3_C01,Plate 3,4_C1,LEUK37,D703,GAATCCGA,D503,CCTATCCT,,,,,,,,,,,,,,,,,,,,,,
sample218,11,3_C02,Plate 3,4_C2,LEUK37,D711,AGGTGTAC,D503,CCTATCCT,,,,,,,,,,,,,,,,,,,,,,
sample219,19,3_C03,Plate 3,4_C3,LEUK37,D719,TCAAGGAC,D503,CCTATCCT,,,,,,,,,,,,,,,,,,,,,,
sample220,27,3_C04,Plate 3,4_C4,LEUK37,D727,GTACTCTC,D503,CCTATCCT,,,,,,,,,,,,,,,,,,,,,,
sample221,35,3_C05,Plate 3,4_C5,LEUK37,D735,AACCGTTC,D503,CCTATCCT,,,,,,,,,,,,,,,,,,,,,,
sample222,43,3_C06,Plate 3,4_C6,LEUK37,D743,GCAATGGA,D503,CCTATCCT,,,,,,,,,,,,,,,,,,,,,,
sample223,51,3_C07,Plate 3,4_C7,LEUK37,D751,GGAATTGC,D503,CCTATCCT,,,,,,,,,,,,,,,,,,,,,,
sample224,59,3_C08,Plate 3,4_C8,LEUK37,D759,ACGATGAC,D503,CCTATCCT,,,,,,,,,,,,,,,,,,,,,,
sample225,67,3_C09,Plate 3,4_B4,LEUK37,D767,GGCGTTAT,D503,CCTATCCT,,,,,,,,,,,,,,,,,,,,,,
sample226,75,3_C10,Plate 3,4_B5,LEUK37,D775,CTTAGGAC,D503,CCTATCCT,,,,,,,,,,,,,,,,,,,,,,
sample227,83,3_C11,Plate 3,4_B6,LEUK37,D783,GTTCAACC,D503,CCTATCCT,,,,,,,,,,,,,,,,,,,,,,
sample228,91,3_C12,Plate 3,4_B7,LEUK37,D791,CCTATACC,D503,CCTATCCT,,,,,,,,,,,,,,,,,,,,,,
sample229,4,3_D01,Plate 3,4_B8,LEUK37,D704,GTACCTTG,D503,CCTATCCT,,,,,,,,,,,,,,,,,,,,,,
sample230,12,3_D02,Plate 3,4_B9,LEUK37,D712,TAATGCCG,D503,CCTATCCT,,,,,,,,,,,,,,,,,,,,,,
sample231,20,3_D03,Plate 3,4_B10,LEUK37,D720,GTTACGCA,D503,CCTATCCT,,,,,,,,,,,,,,,,,,,,,,
sample232,28,3_D04,Plate 3,4_B11,LEUK37,D728,GTAACGAC,D503,CCTATCCT,,,,,,,,,,,,,,,,,,,,,,
sample233,36,3_D05,Plate 3,4_C9,LEUK37,D736,GACATTCC,D503,CCTATCCT,,,,,,,,,,,,,,,,,,,,,,
sample234,44,3_D06,Plate 3,4_C11,LEUK37,D744,ATCTCGCT,D503,CCTATCCT,,,,,,,,,,,,,,,,,,,,,,
sample235,52,3_D07,Plate 3,4_D1,LEUK37,D752,ACGGATTC,D503,CCTATCCT,,,,,,,,,,,,,,,,,,,,,,
sample236,60,3_D08,Plate 3,4_D2,LEUK37,D760,TGATGTCC,D503,CCTATCCT,,,,,,,,,,,,,,,,,,,,,,
sample237,68,3_D09,Plate 3,4_D3,LEUK37,D768,GGTGATTC,D503,CCTATCCT,,,,,,,,,,,,,,,,,,,,,,
sample238,76,3_D10,Plate 3,4_D5,LEUK37,D776,GTCCTAAG,D503,CCTATCCT,,,,,,,,,,,,,,,,,,,,,,
sample239,84,3_D11,Plate 3,4_D6,LEUK37,D784,TGGCTATC,D503,CCTATCCT,,,,,,,,,,,,,,,,,,,,,,
sample240,92,3_D12,Plate 3,4_D11,LEUK37,D792,TTCTCTCG,D503,CCTATCCT,,,,,,,,,,,,,,,,,,,,,,
sample241,5,3_E01,Plate 3,4_E1,LEUK37,D705,CATGAGGA,D503,CCTATCCT,,,,,,,,,,,,,,,,,,,,,,
sample242,13,3_E02,Plate 3,5_A2,LEUK37,D713,TCAGACGA,D503,CCTATCCT,,,,,,,,,,,,,,,,,,,,,,
sample243,21,3_E03,Plate 3,5_A3,LEUK37,D721,AGTCTGTG,D503,CCTATCCT,,,,,,,,,,,,,,,,,,,,,,
sample244,29,3_E04,Plate 3,5_A4,LEUK37,D729,ATTCCTCC,D503,CCTATCCT,,,,,,,,,,,,,,,,,,,,,,
sample245,37,3_E05,Plate 3,5_A7,LEUK37,D737,AGACCGTA,D503,CCTATCCT,,,,,,,,,,,,,,,,,,,,,,
sample246,45,3_E06,Plate 3,5_A9,LEUK37,D745,GGCTATTG,D503,CCTATCCT,,,,,,,,,,,,,,,,,,,,,,
sample247,53,3_E07,Plate 3,5_A10,LEUK37,D753,TTAAGCGG,D503,CCTATCCT,,,,,,,,,,,,,,,,,,,,,,
sample248,61,3_E08,Plate 3,5_A11,LEUK37,D761,TGAACCTG,D503,CCTATCCT,,,,,,,,,,,,,,,,,,,,,,
sample249,69,3_E09,Plate 3,5_B3,LEUK37,D769,AACTTGCC,D503,CCTATCCT,,,,,,,,,,,,,,,,,,,,,,
sample250,77,3_E10,Plate 3,5_B5,LEUK37,D777,AACGTGGA,D503,CCTATCCT,,,,,,,,,,,,,,,,,,,,,,
sample251,85,3_E11,Plate 3,5_B6,LEUK37,D785,CTGGAGTA,D503,CCTATCCT,,,,,,,,,,,,,,,,,,,,,,
sample252,93,3_E12,Plate 3,5_B8,LEUK37,D793,GTATGCTG,D503,CCTATCCT,,,,,,,,,,,,,,,,,,,,,,
sample253,6,3_F01,Plate 3,5_B9,LEUK37,D706,TGACTGAC,D503,CCTATCCT,,,,,,,,,,,,,,,,,,,,,,
sample254,14,3_F02,Plate 3,5_B10,LEUK37,D714,GATAGGCT,D503,CCTATCCT,,,,,,,,,,,,,,,,,,,,,,
sample255,22,3_F03,Plate 3,5_C1,LEUK37,D722,GCACGTAA,D503,CCTATCCT,,,,,,,,,,,,,,,,,,,,,,
sample256,30,3_F04,Plate 3,5_C2,LEUK37,D730,GTGTTCCT,D503,CCTATCCT,,,,,,,,,,,,,,,,,,,,,,
sample257,38,3_F05,Plate 3,5_C4,LEUK37,D738,GATACTGG,D503,CCTATCCT,,,,,,,,,,,,,,,,,,,,,,
sample258,46,3_F06,Plate 3,5_C5,LEUK37,D746,GGTGTCTT,D503,CCTATCCT,,,,,,,,,,,,,,,,,,,,,,
sample259,54,3_F07,Plate 3,5_C7,LEUK37,D754,TGCAGGTA,D503,CCTATCCT,,,,,,,,,,,,,,,,,,,,,,
sample260,62,3_F08,Plate 3,5_C8,LEUK37,D762,CTTCGTTC,D503,CCTATCCT,,,,,,,,,,,,,,,,,,,,,,
sample261,70,3_F09,Plate 3,5_C9,LEUK37,D770,GCAAGATC,D503,CCTATCCT,,,,,,,,,,,,,,,,,,,,,,
sample262,78,3_F10,Plate 3,5_C10,LEUK37,D778,CTGTGTTG,D503,CCTATCCT,,,,,,,,,,,,,,,,,,,,,,
sample263,86,3_F11,Plate 3,5_C11,LEUK37,D786,TCTCTTCC,D503,CCTATCCT,,,,,,,,,,,,,,,,,,,,,,
sample264,94,3_F12,Plate 3,5_C12,LEUK37,D794,AAGTCGAG,D503,CCTATCCT,,,,,,,,,,,,,,,,,,,,,,
sample265,7,3_G01,Plate 3,5_D1,LEUK37,D707,CGTATTCG,D503,CCTATCCT,,,,,,,,,,,,,,,,,,,,,,
sample266,15,3_G02,Plate 3,5_D2,LEUK37,D715,TGGTACAG,D503,CCTATCCT,,,,,,,,,,,,,,,,,,,,,,
sample267,23,3_G03,Plate 3,5_D3,LEUK37,D723,AACCTTGG,D503,CCTATCCT,,,,,,,,,,,,,,,,,,,,,,
sample268,31,3_G04,Plate 3,5_D4,LEUK37,D731,AAGCACTG,D503,CCTATCCT,,,,,,,,,,,,,,,,,,,,,,
sample269,39,3_G05,Plate 3,5_D5,LEUK37,D739,TGCGTAGA,D503,CCTATCCT,,,,,,,,,,,,,,,,,,,,,,
sample270,47,3_G06,Plate 3,5_D6,LEUK37,D747,TCAACTGG,D503,CCTATCCT,,,,,,,,,,,,,,,,,,,,,,
sample271,55,3_G07,Plate 3,5_D7,LEUK37,D755,CAATCGAC,D503,CCTATCCT,,,,,,,,,,,,,,,,,,,,,,
sample272,63,3_G08,Plate 3,5_D9,LEUK37,D763,CTTCTGAG,D503,CCTATCCT,,,,,,,,,,,,,,,,,,,,,,
sample273,71,3_G09,Plate 3,5_D10,LEUK37,D771,TCGCATTG,D503,CCTATCCT,,,,,,,,,,,,,,,,,,,,,,
sample274,79,3_G10,Plate 3,5_D12,LEUK37,D779,GTTAAGGC,D503,CCTATCCT,,,,,,,,,,,,,,,,,,,,,,
sample275,87,3_G11,Plate 3,5_E1,LEUK37,D787,TCTAACGC,D503,CCTATCCT,,,,,,,,,,,,,,,,,,,,,,
sample276,95,3_G12,Plate 3,5_E5,LEUK37,D795,AACCGAAG,D503,CCTATCCT,,,,,,,,,,,,,,,,,,,,,,
sample277,8,3_H01,Plate 3,5_E6,LEUK37,D708,CTCCTAGA,D503,CCTATCCT,,,,,,,,,,,,,,,,,,,,,,
sample278,16,3_H02,Plate 3,5_E9,LEUK37,D716,CAAGGTCT,D503,CCTATCCT,,,,,,,,,,,,,,,,,,,,,,
sample279,24,3_H03,Plate 3,5_E11,LEUK37,D724,ATTGCGTG,D503,CCTATCCT,,,,,,,,,,,,,,,,,,,,,,
sample280,32,3_H04,Plate 3,5_E12,LEUK37,D732,CTAGCAAG,D503,CCTATCCT,,,,,,,,,,,,,,,,,,,,,,
sample281,40,3_H05,Plate 3,5_F2,LEUK37,D740,TCGGTTAC,D503,CCTATCCT,,,,,,,,,,,,,,,,,,,,,,
sample282,48,3_H06,Plate 3,5_F3,LEUK37,D748,CTTCACCA,D503,CCTATCCT,,,,,,,,,,,,,,,,,,,,,,
sample283,56,3_H07,Plate 3,5_F4,LEUK37,D756,GTGCCATA,D503,CCTATCCT,,,,,,,,,,,,,,,,,,,,,,
sample284,64,3_H08,Plate 3,5_F7,LEUK37,D764,TGCTCATG,D503,CCTATCCT,,,,,,,,,,,,,,,,,,,,,,
sample285,72,3_H09,Plate 3,5_F8,LEUK37,D772,TGTACACC,D503,CCTATCCT,,,,,,,,,,,,,,,,,,,,,,
sample286,80,3_H10,Plate 3,5_F9,LEUK37,D780,CACCTTAC,D503,CCTATCCT,,,,,,,,,,,,,,,,,,,,,,
sample287,88,3_H11,Plate 3,5_F10,LEUK37,D788,GGTCAGAT,D503,CCTATCCT,,,,,,,,,,,,,,,,,,,,,,
sample288,96,3_H12,Plate 3,5_F11,LEUK37,D796,TGTTGTGG,D503,CCTATCCT,,,,,,,,,,,,,,,,,,,,,,
sample289,1,4_A01,Plate 4,5_G1,LEUK37,D701,GTCGGTAA,D504,GGCTCTGA,,,,,,,,,,,,,,,,,,,,,,
sample290,9,4_A02,Plate 4,5_G2,LEUK37,D709,TAGTTGCG,D504,GGCTCTGA,,,,,,,,,,,,,,,,,,,,,,
sample291,17,4_A03,Plate 4,5_G4,LEUK37,D717,GCTATCCT,D504,GGCTCTGA,,,,,,,,,,,,,,,,,,,,,,
sample292,25,4_A04,Plate 4,5_G5,LEUK37,D725,ACCTGGAA,D504,GGCTCTGA,,,,,,,,,,,,,,,,,,,,,,
sample293,33,4_A05,Plate 4,5_G6,LEUK37,D733,TGCTTCCA,D504,GGCTCTGA,,,,,,,,,,,,,,,,,,,,,,
sample294,41,4_A06,Plate 4,5_G7,LEUK37,D741,ATGACGTC,D504,GGCTCTGA,,,,,,,,,,,,,,,,,,,,,,
sample295,49,4_A07,Plate 4,5_G9,LEUK37,D749,ACGGTCTT,D504,GGCTCTGA,,,,,,,,,,,,,,,,,,,,,,
sample296,57,4_A08,Plate 4,5_G10,LEUK37,D757,TGTTCGAG,D504,GGCTCTGA,,,,,,,,,,,,,,,,,,,,,,
sample297,65,4_A09,Plate 4,5_G11,LEUK37,D765,AGTTCGTC,D504,GGCTCTGA,,,,,,,,,,,,,,,,,,,,,,
sample298,73,4_A10,Plate 4,5_G12,LEUK37,D773,AGCTCCTA,D504,GGCTCTGA,,,,,,,,,,,,,,,,,,,,,,
sample299,81,4_A11,Plate 4,5_H2,LEUK37,D781,TGGTAGCT,D504,GGCTCTGA,,,,,,,,,,,,,,,,,,,,,,
sample300,89,4_A12,Plate 4,5_H3,LEUK37,D789,CTCTGGTT,D504,GGCTCTGA,,,,,,,,,,,,,,,,,,,,,,
sample301,2,4_B01,Plate 4,5_H4,LEUK37,D702,AGGTCACT,D504,GGCTCTGA,,,,,,,,,,,,,,,,,,,,,,
sample302,10,4_B02,Plate 4,5_H5,LEUK37,D710,GAGATACG,D504,GGCTCTGA,,,,,,,,,,,,,,,,,,,,,,
sample303,18,4_B03,Plate 4,5_H6,LEUK37,D718,ATGGAAGG,D504,GGCTCTGA,,,,,,,,,,,,,,,,,,,,,,
sample304,26,4_B04,Plate 4,5_H7,LEUK37,D726,GGAGATGA,D504,GGCTCTGA,,,,,,,,,,,,,,,,,,,,,,
sample305,34,4_B05,Plate 4,5_H8,LEUK37,D734,GCTTAGCT,D504,GGCTCTGA,,,,,,,,,,,,,,,,,,,,,,
sample306,42,4_B06,Plate 4,5_H9,LEUK37,D742,GCTGTAAG,D504,GGCTCTGA,,,,,,,,,,,,,,,,,,,,,,
sample307,50,4_B07,Plate 4,5_H10,LEUK37,D750,TCTCGCAA,D504,GGCTCTGA,,,,,,,,,,,,,,,,,,,,,,
sample308,58,4_B08,Plate 4,5_H11,LEUK37,D758,TGGAGTTG,D504,GGCTCTGA,,,,,,,,,,,,,,,,,,,,,,
sample309,66,4_B09,Plate 4,6_A1,LEUK37,D766,TAGCGTCT,D504,GGCTCTGA,,,,,,,,,,,,,,,,,,,,,,
sample310,74,4_B10,Plate 4,6_A4,LEUK37,D774,GCAATTCG,D504,GGCTCTGA,,,,,,,,,,,,,,,,,,,,,,
sample311,82,4_B11,Plate 4,6_A5,LEUK37,D782,CAGTGAAG,D504,GGCTCTGA,,,,,,,,,,,,,,,,,,,,,,
sample312,90,4_B12,Plate 4,6_A7,LEUK37,D790,TGTGGTAC,D504,GGCTCTGA,,,,,,,,,,,,,,,,,,,,,,
sample313,3,4_C01,Plate 4,6_A9,LEUK37,D703,GAATCCGA,D504,GGCTCTGA,,,,,,,,,,,,,,,,,,,,,,
sample314,11,4_C02,Plate 4,6_A11,LEUK37,D711,AGGTGTAC,D504,GGCTCTGA,,,,,,,,,,,,,,,,,,,,,,
sample315,19,4_C03,Plate 4,6_B1,LEUK37,D719,TCAAGGAC,D504,GGCTCTGA,,,,,,,,,,,,,,,,,,,,,,
sample316,27,4_C04,Plate 4,6_B6,LEUK37,D727,GTACTCTC,D504,GGCTCTGA,,,,,,,,,,,,,,,,,,,,,,
sample317,35,4_C05,Plate 4,6_B8,LEUK37,D735,AACCGTTC,D504,GGCTCTGA,,,,,,,,,,,,,,,,,,,,,,
sample318,43,4_C06,Plate 4,6_B10,LEUK37,D743,GCAATGGA,D504,GGCTCTGA,,,,,,,,,,,,,,,,,,,,,,
sample319,51,4_C07,Plate 4,6_B11,LEUK37,D751,GGAATTGC,D504,GGCTCTGA,,,,,,,,,,,,,,,,,,,,,,
sample320,59,4_C08,Plate 4,6_B12,LEUK37,D759,ACGATGAC,D504,GGCTCTGA,,,,,,,,,,,,,,,,,,,,,,
sample321,67,4_C09,Plate 4,6_C11,LEUK37,D767,GGCGTTAT,D504,GGCTCTGA,,,,,,,,,,,,,,,,,,,,,,
sample322,75,4_C10,Plate 4,6_D1,LEUK37,D775,CTTAGGAC,D504,GGCTCTGA,,,,,,,,,,,,,,,,,,,,,,
sample323,83,4_C11,Plate 4,6_D2,LEUK37,D783,GTTCAACC,D504,GGCTCTGA,,,,,,,,,,,,,,,,,,,,,,
sample324,91,4_C12,Plate 4,6_D4,LEUK37,D791,CCTATACC,D504,GGCTCTGA,,,,,,,,,,,,,,,,,,,,,,
sample325,4,4_D01,Plate 4,6_D6,LEUK37,D704,GTACCTTG,D504,GGCTCTGA,,,,,,,,,,,,,,,,,,,,,,
sample326,12,4_D02,Plate 4,6_D7,LEUK37,D712,TAATGCCG,D504,GGCTCTGA,,,,,,,,,,,,,,,,,,,,,,
sample327,20,4_D03,Plate 4,6_D8,LEUK37,D720,GTTACGCA,D504,GGCTCTGA,,,,,,,,,,,,,,,,,,,,,,
sample328,28,4_D04,Plate 4,6_D10,LEUK37,D728,GTAACGAC,D504,GGCTCTGA,,,,,,,,,,,,,,,,,,,,,,
sample329,36,4_D05,Plate 4,6_D11,LEUK37,D736,GACATTCC,D504,GGCTCTGA,,,,,,,,,,,,,,,,,,,,,,
sample330,44,4_D06,Plate 4,6_D12,LEUK37,D744,ATCTCGCT,D504,GGCTCTGA,,,,,,,,,,,,,,,,,,,,,,
sample331,52,4_D07,Plate 4,6_E1,LEUK37,D752,ACGGATTC,D504,GGCTCTGA,,,,,,,,,,,,,,,,,,,,,,
sample332,60,4_D08,Plate 4,6_E2,LEUK37,D760,TGATGTCC,D504,GGCTCTGA,,,,,,,,,,,,,,,,,,,,,,
sample333,68,4_D09,Plate 4,6_E3,LEUK37,D768,GGTGATTC,D504,GGCTCTGA,,,,,,,,,,,,,,,,,,,,,,
sample334,76,4_D10,Plate 4,6_E4,LEUK37,D776,GTCCTAAG,D504,GGCTCTGA,,,,,,,,,,,,,,,,,,,,,,
sample335,1,1_A01,Plate 1,1_A1,LEUK39,D701,GTCGGTAA,D505,AGGCGAAG,,,,,,,,,,,,,,,,,,,,,,
sample336,9,1_A02,Plate 1,1_A4,LEUK39,D709,TAGTTGCG,D505,AGGCGAAG,,,,,,,,,,,,,,,,,,,,,,
sample337,17,1_A03,Plate 1,1_A5,LEUK39,D717,GCTATCCT,D505,AGGCGAAG,,,,,,,,,,,,,,,,,,,,,,
sample338,25,1_A04,Plate 1,1_A6,LEUK39,D725,ACCTGGAA,D505,AGGCGAAG,,,,,,,,,,,,,,,,,,,,,,
sample339,33,1_A05,Plate 1,1_A7,LEUK39,D733,TGCTTCCA,D505,AGGCGAAG,,,,,,,,,,,,,,,,,,,,,,
sample340,41,1_A06,Plate 1,1_A8,LEUK39,D741,ATGACGTC,D505,AGGCGAAG,,,,,,,,,,,,,,,,,,,,,,
sample341,49,1_A07,Plate 1,1_A9,LEUK39,D749,ACGGTCTT,D505,AGGCGAAG,,,,,,,,,,,,,,,,,,,,,,
sample342,57,1_A08,Plate 1,1_B3,LEUK39,D757,TGTTCGAG,D505,AGGCGAAG,,,,,,,,,,,,,,,,,,,,,,
sample343,65,1_A09,Plate 1,1_B6,LEUK39,D765,AGTTCGTC,D505,AGGCGAAG,,,,,,,,,,,,,,,,,,,,,,
sample344,73,1_A10,Plate 1,1_B7,LEUK39,D773,AGCTCCTA,D505,AGGCGAAG,,,,,,,,,,,,,,,,,,,,,,
sample345,81,1_A11,Plate 1,1_B9,LEUK39,D781,TGGTAGCT,D505,AGGCGAAG,,,,,,,,,,,,,,,,,,,,,,
sample346,89,1_A12,Plate 1,1_C1,LEUK39,D789,CTCTGGTT,D505,AGGCGAAG,,,,,,,,,,,,,,,,,,,,,,
sample347,2,1_B01,Plate 1,1_C2,LEUK39,D702,AGGTCACT,D505,AGGCGAAG,,,,,,,,,,,,,,,,,,,,,,
sample348,10,1_B02,Plate 1,1_C3,LEUK39,D710,GAGATACG,D505,AGGCGAAG,,,,,,,,,,,,,,,,,,,,,,
sample349,18,1_B03,Plate 1,1_C4,LEUK39,D718,ATGGAAGG,D505,AGGCGAAG,,,,,,,,,,,,,,,,,,,,,,
sample350,26,1_B04,Plate 1,1_C7,LEUK39,D726,GGAGATGA,D505,AGGCGAAG,,,,,,,,,,,,,,,,,,,,,,
sample351,34,1_B05,Plate 1,1_C8,LEUK39,D734,GCTTAGCT,D505,AGGCGAAG,,,,,,,,,,,,,,,,,,,,,,
sample352,42,1_B06,Plate 1,1_C9,LEUK39,D742,GCTGTAAG,D505,AGGCGAAG,,,,,,,,,,,,,,,,,,,,,,
sample353,50,1_B07,Plate 1,1_C11,LEUK39,D750,TCTCGCAA,D505,AGGCGAAG,,,,,,,,,,,,,,,,,,,,,,
sample354,58,1_B08,Plate 1,1_C12,LEUK39,D758,TGGAGTTG,D505,AGGCGAAG,,,,,,,,,,,,,,,,,,,,,,
sample355,66,1_B09,Plate 1,1_D2,LEUK39,D766,TAGCGTCT,D505,AGGCGAAG,,,,,,,,,,,,,,,,,,,,,,
sample356,74,1_B10,Plate 1,1_D6,LEUK39,D774,GCAATTCG,D505,AGGCGAAG,,,,,,,,,,,,,,,,,,,,,,
sample357,82,1_B11,Plate 1,1_D8,LEUK39,D782,CAGTGAAG,D505,AGGCGAAG,,,,,,,,,,,,,,,,,,,,,,
sample358,90,1_B12,Plate 1,1_D9,LEUK39,D790,TGTGGTAC,D505,AGGCGAAG,,,,,,,,,,,,,,,,,,,,,,
sample359,3,1_C01,Plate 1,1_E6,LEUK39,D703,GAATCCGA,D505,AGGCGAAG,,,,,,,,,,,,,,,,,,,,,,
sample360,11,1_C02,Plate 1,1_E8,LEUK39,D711,AGGTGTAC,D505,AGGCGAAG,,,,,,,,,,,,,,,,,,,,,,
sample361,19,1_C03,Plate 1,1_E9,LEUK39,D719,TCAAGGAC,D505,AGGCGAAG,,,,,,,,,,,,,,,,,,,,,,
sample362,27,1_C04,Plate 1,1_E11,LEUK39,D727,GTACTCTC,D505,AGGCGAAG,,,,,,,,,,,,,,,,,,,,,,
sample363,35,1_C05,Plate 1,1_E12,LEUK39,D735,AACCGTTC,D505,AGGCGAAG,,,,,,,,,,,,,,,,,,,,,,
sample364,43,1_C06,Plate 1,1_F5,LEUK39,D743,GCAATGGA,D505,AGGCGAAG,,,,,,,,,,,,,,,,,,,,,,
sample365,51,1_C07,Plate 1,1_F7,LEUK39,D751,GGAATTGC,D505,AGGCGAAG,,,,,,,,,,,,,,,,,,,,,,
sample366,59,1_C08,Plate 1,1_F11,LEUK39,D759,ACGATGAC,D505,AGGCGAAG,,,,,,,,,,,,,,,,,,,,,,
sample367,67,1_C09,Plate 1,1_F12,LEUK39,D767,GGCGTTAT,D505,AGGCGAAG,,,,,,,,,,,,,,,,,,,,,,
sample368,75,1_C10,Plate 1,1_G2,LEUK39,D775,CTTAGGAC,D505,AGGCGAAG,,,,,,,,,,,,,,,,,,,,,,
sample369,83,1_C11,Plate 1,1_G4,LEUK39,D783,GTTCAACC,D505,AGGCGAAG,,,,,,,,,,,,,,,,,,,,,,
sample370,91,1_C12,Plate 1,1_G5,LEUK39,D791,CCTATACC,D505,AGGCGAAG,,,,,,,,,,,,,,,,,,,,,,
sample371,4,1_D01,Plate 1,1_G7,LEUK39,D704,GTACCTTG,D505,AGGCGAAG,,,,,,,,,,,,,,,,,,,,,,
sample372,12,1_D02,Plate 1,1_G10,LEUK39,D712,TAATGCCG,D505,AGGCGAAG,,,,,,,,,,,,,,,,,,,,,,
sample373,20,1_D03,Plate 1,1_H2,LEUK39,D720,GTTACGCA,D505,AGGCGAAG,,,,,,,,,,,,,,,,,,,,,,
sample374,28,1_D04,Plate 1,1_H3,LEUK39,D728,GTAACGAC,D505,AGGCGAAG,,,,,,,,,,,,,,,,,,,,,,
sample375,36,1_D05,Plate 1,1_H4,LEUK39,D736,GACATTCC,D505,AGGCGAAG,,,,,,,,,,,,,,,,,,,,,,
sample376,44,1_D06,Plate 1,1_H5,LEUK39,D744,ATCTCGCT,D505,AGGCGAAG,,,,,,,,,,,,,,,,,,,,,,
sample377,52,1_D07,Plate 1,1_H6,LEUK39,D752,ACGGATTC,D505,AGGCGAAG,,,,,,,,,,,,,,,,,,,,,,
sample378,60,1_D08,Plate 1,1_H9,LEUK39,D760,TGATGTCC,D505,AGGCGAAG,,,,,,,,,,,,,,,,,,,,,,
sample379,68,1_D09,Plate 1,2_B2,LEUK39,D768,GGTGATTC,D505,AGGCGAAG,,,,,,,,,,,,,,,,,,,,,,
sample380,76,1_D10,Plate 1,2_B8,LEUK39,D776,GTCCTAAG,D505,AGGCGAAG,,,,,,,,,,,,,,,,,,,,,,
sample381,84,1_D11,Plate 1,2_C2,LEUK39,D784,TGGCTATC,D505,AGGCGAAG,,,,,,,,,,,,,,,,,,,,,,
sample382,92,1_D12,Plate 1,2_C7,LEUK39,D792,TTCTCTCG,D505,AGGCGAAG,,,,,,,,,,,,,,,,,,,,,,
sample383,5,1_E01,Plate 1,2_D2,LEUK39,D705,CATGAGGA,D505,AGGCGAAG,,,,,,,,,,,,,,,,,,,,,,
sample384,13,1_E02,Plate 1,2_D3,LEUK39,D713,TCAGACGA,D505,AGGCGAAG,,,,,,,,,,,,,,,,,,,,,,
sample385,21,1_E03,Plate 1,2_D9,LEUK39,D721,AGTCTGTG,D505,AGGCGAAG,,,,,,,,,,,,,,,,,,,,,,
sample386,29,1_E04,Plate 1,2_E4,LEUK39,D729,ATTCCTCC,D505,AGGCGAAG,,,,,,,,,,,,,,,,,,,,,,
sample387,37,1_E05,Plate 1,2_E7,LEUK39,D737,AGACCGTA,D505,AGGCGAAG,,,,,,,,,,,,,,,,,,,,,,
sample388,45,1_E06,Plate 1,2_F4,LEUK39,D745,GGCTATTG,D505,AGGCGAAG,,,,,,,,,,,,,,,,,,,,,,
sample389,53,1_E07,Plate 1,2_F6,LEUK39,D753,TTAAGCGG,D505,AGGCGAAG,,,,,,,,,,,,,,,,,,,,,,
sample390,61,1_E08,Plate 1,2_F12,LEUK39,D761,TGAACCTG,D505,AGGCGAAG,,,,,,,,,,,,,,,,,,,,,,
sample391,69,1_E09,Plate 1,2_G1,LEUK39,D769,AACTTGCC,D505,AGGCGAAG,,,,,,,,,,,,,,,,,,,,,,
sample392,77,1_E10,Plate 1,2_G5,LEUK39,D777,AACGTGGA,D505,AGGCGAAG,,,,,,,,,,,,,,,,,,,,,,
sample393,85,1_E11,Plate 1,2_G7,LEUK39,D785,CTGGAGTA,D505,AGGCGAAG,,,,,,,,,,,,,,,,,,,,,,
sample394,93,1_E12,Plate 1,2_G9,LEUK39,D793,GTATGCTG,D505,AGGCGAAG,,,,,,,,,,,,,,,,,,,,,,
sample395,6,1_F01,Plate 1,2_G11,LEUK39,D706,TGACTGAC,D505,AGGCGAAG,,,,,,,,,,,,,,,,,,,,,,
sample396,14,1_F02,Plate 1,2_H2,LEUK39,D714,GATAGGCT,D505,AGGCGAAG,,,,,,,,,,,,,,,,,,,,,,
sample397,22,1_F03,Plate 1,2_H3,LEUK39,D722,GCACGTAA,D505,AGGCGAAG,,,,,,,,,,,,,,,,,,,,,,
sample398,30,1_F04,Plate 1,2_H7,LEUK39,D730,GTGTTCCT,D505,AGGCGAAG,,,,,,,,,,,,,,,,,,,,,,
sample399,38,1_F05,Plate 1,2_H11,LEUK39,D738,GATACTGG,D505,AGGCGAAG,,,,,,,,,,,,,,,,,,,,,,
sample400,46,1_F06,Plate 1,3_A6,LEUK39,D746,GGTGTCTT,D505,AGGCGAAG,,,,,,,,,,,,,,,,,,,,,,
sample401,54,1_F07,Plate 1,3_A10,LEUK39,D754,TGCAGGTA,D505,AGGCGAAG,,,,,,,,,,,,,,,,,,,,,,
sample402,62,1_F08,Plate 1,3_B3,LEUK39,D762,CTTCGTTC,D505,AGGCGAAG,,,,,,,,,,,,,,,,,,,,,,
sample403,70,1_F09,Plate 1,3_B6,LEUK39,D770,GCAAGATC,D505,AGGCGAAG,,,,,,,,,,,,,,,,,,,,,,
sample404,78,1_F10,Plate 1,3_B9,LEUK39,D778,CTGTGTTG,D505,AGGCGAAG,,,,,,,,,,,,,,,,,,,,,,
sample405,86,1_F11,Plate 1,3_C5,LEUK39,D786,TCTCTTCC,D505,AGGCGAAG,,,,,,,,,,,,,,,,,,,,,,
sample406,94,1_F12,Plate 1,3_C6,LEUK39,D794,AAGTCGAG,D505,AGGCGAAG,,,,,,,,,,,,,,,,,,,,,,
sample407,7,1_G01,Plate 1,3_C11,LEUK39,D707,CGTATTCG,D505,AGGCGAAG,,,,,,,,,,,,,,,,,,,,,,
sample408,15,1_G02,Plate 1,3_D2,LEUK39,D715,TGGTACAG,D505,AGGCGAAG,,,,,,,,,,,,,,,,,,,,,,
sample409,23,1_G03,Plate 1,3_D9,LEUK39,D723,AACCTTGG,D505,AGGCGAAG,,,,,,,,,,,,,,,,,,,,,,
sample410,31,1_G04,Plate 1,3_D10,LEUK39,D731,AAGCACTG,D505,AGGCGAAG,,,,,,,,,,,,,,,,,,,,,,
sample411,39,1_G05,Plate 1,3_E8,LEUK39,D739,TGCGTAGA,D505,AGGCGAAG,,,,,,,,,,,,,,,,,,,,,,
sample412,47,1_G06,Plate 1,3_F1,LEUK39,D747,TCAACTGG,D505,AGGCGAAG,,,,,,,,,,,,,,,,,,,,,,
sample413,55,1_G07,Plate 1,3_G3,LEUK39,D755,CAATCGAC,D505,AGGCGAAG,,,,,,,,,,,,,,,,,,,,,,
sample414,63,1_G08,Plate 1,3_G7,LEUK39,D763,CTTCTGAG,D505,AGGCGAAG,,,,,,,,,,,,,,,,,,,,,,
sample415,71,1_G09,Plate 1,3_G9,LEUK39,D771,TCGCATTG,D505,AGGCGAAG,,,,,,,,,,,,,,,,,,,,,,
sample416,79,1_G10,Plate 1,3_H8,LEUK39,D779,GTTAAGGC,D505,AGGCGAAG,,,,,,,,,,,,,,,,,,,,,,
sample417,87,1_G11,Plate 1,4_A6,LEUK39,D787,TCTAACGC,D505,AGGCGAAG,,,,,,,,,,,,,,,,,,,,,,
sample418,95,1_G12,Plate 1,4_A9,LEUK39,D795,AACCGAAG,D505,AGGCGAAG,,,,,,,,,,,,,,,,,,,,,,
sample419,8,1_H01,Plate 1,4_C1,LEUK39,D708,CTCCTAGA,D505,AGGCGAAG,,,,,,,,,,,,,,,,,,,,,,
sample420,16,1_H02,Plate 1,4_C3,LEUK39,D716,CAAGGTCT,D505,AGGCGAAG,,,,,,,,,,,,,,,,,,,,,,
sample421,24,1_H03,Plate 1,4_C4,LEUK39,D724,ATTGCGTG,D505,AGGCGAAG,,,,,,,,,,,,,,,,,,,,,,
sample422,32,1_H04,Plate 1,4_C5,LEUK39,D732,CTAGCAAG,D505,AGGCGAAG,,,,,,,,,,,,,,,,,,,,,,
sample423,40,1_H05,Plate 1,4_D2,LEUK39,D740,TCGGTTAC,D505,AGGCGAAG,,,,,,,,,,,,,,,,,,,,,,
sample424,48,1_H06,Plate 1,4_D3,LEUK39,D748,CTTCACCA,D505,AGGCGAAG,,,,,,,,,,,,,,,,,,,,,,
sample425,56,1_H07,Plate 1,4_D6,LEUK39,D756,GTGCCATA,D505,AGGCGAAG,,,,,,,,,,,,,,,,,,,,,,
sample426,64,1_H08,Plate 1,4_D7,LEUK39,D764,TGCTCATG,D505,AGGCGAAG,,,,,,,,,,,,,,,,,,,,,,
sample427,72,1_H09,Plate 1,4_D8,LEUK39,D772,TGTACACC,D505,AGGCGAAG,,,,,,,,,,,,,,,,,,,,,,
sample428,80,1_H10,Plate 1,4_D9,LEUK39,D780,CACCTTAC,D505,AGGCGAAG,,,,,,,,,,,,,,,,,,,,,,
sample429,88,1_H11,Plate 1,4_D11,LEUK39,D788,GGTCAGAT,D505,AGGCGAAG,,,,,,,,,,,,,,,,,,,,,,
sample430,96,1_H12,Plate 1,4_E2,LEUK39,D796,TGTTGTGG,D505,AGGCGAAG,,,,,,,,,,,,,,,,,,,,,,
sample431,1,2_A01,Plate 2,4_E4,LEUK39,D701,GTCGGTAA,D506,TAATCTTA,,,,,,,,,,,,,,,,,,,,,,
sample432,9,2_A02,Plate 2,4_E10,LEUK39,D709,TAGTTGCG,D506,TAATCTTA,,,,,,,,,,,,,,,,,,,,,,
sample433,17,2_A03,Plate 2,4_F5,LEUK39,D717,GCTATCCT,D506,TAATCTTA,,,,,,,,,,,,,,,,,,,,,,
sample434,25,2_A04,Plate 2,4_F7,LEUK39,D725,ACCTGGAA,D506,TAATCTTA,,,,,,,,,,,,,,,,,,,,,,
sample435,33,2_A05,Plate 2,4_F9,LEUK39,D733,TGCTTCCA,D506,TAATCTTA,,,,,,,,,,,,,,,,,,,,,,
sample436,41,2_A06,Plate 2,4_F10,LEUK39,D741,ATGACGTC,D506,TAATCTTA,,,,,,,,,,,,,,,,,,,,,,
sample437,49,2_A07,Plate 2,4_G2,LEUK39,D749,ACGGTCTT,D506,TAATCTTA,,,,,,,,,,,,,,,,,,,,,,
sample438,57,2_A08,Plate 2,4_G3,LEUK39,D757,TGTTCGAG,D506,TAATCTTA,,,,,,,,,,,,,,,,,,,,,,
sample439,65,2_A09,Plate 2,4_G4,LEUK39,D765,AGTTCGTC,D506,TAATCTTA,,,,,,,,,,,,,,,,,,,,,,
sample440,73,2_A10,Plate 2,4_G8,LEUK39,D773,AGCTCCTA,D506,TAATCTTA,,,,,,,,,,,,,,,,,,,,,,
sample441,81,2_A11,Plate 2,4_H8,LEUK39,D781,TGGTAGCT,D506,TAATCTTA,,,,,,,,,,,,,,,,,,,,,,
sample442,89,2_A12,Plate 2,4_H9,LEUK39,D789,CTCTGGTT,D506,TAATCTTA,,,,,,,,,,,,,,,,,,,,,,
sample443,2,2_B01,Plate 2,4_H11,LEUK39,D702,AGGTCACT,D506,TAATCTTA,,,,,,,,,,,,,,,,,,,,,,
sample444,10,2_B02,Plate 2,5_A4,LEUK39,D710,GAGATACG,D506,TAATCTTA,,,,,,,,,,,,,,,,,,,,,,