Plate_well.x,Exp.x,platename.x,Sample_id,Plate_well.y,Exp.y,platename.y,sample_name,Depth,VAF.varscan,VAF.mutect,VAF.platypus,mean_VAF,DNMT3A
1_H12,LEUK34,Plate 1 LEUK34,1285,NA,NA,NA,NA,NA,NA,NA,NA,NA,NA
1_H11,LEUK34,Plate 1 LEUK34,1278,NA,NA,NA,NA,NA,NA,NA,NA,NA,NA
1_H10,LEUK34,Plate 1 LEUK34,1271,1_H10,LEUK34,Plate 1 LEUK34,1271,40,NA,NA,NA,0,WT
1_H9,LEUK34,Plate 1 LEUK34,1265,1_H9,LEUK34,Plate 1 LEUK34,1265,31,NA,NA,NA,0,WT
1_H6,LEUK34,Plate 1 LEUK34,1247,1_H6,LEUK34,Plate 1 LEUK34,1247,347,0.1294,NA,NA,0.1294,MUT
1_H5,LEUK34,Plate 1 LEUK34,1240,1_H5,LEUK34,Plate 1 LEUK34,1240,68,NA,NA,NA,0,WT
1_H4,LEUK34,Plate 1 LEUK34,1235,1_H4,LEUK34,Plate 1 LEUK34,1235,112,0.1818,NA,NA,0.1818,MUT
1_H3,LEUK34,Plate 1 LEUK34,1229,1_H3,LEUK34,Plate 1 LEUK34,1229,216,0.1028,NA,NA,0.1028,MUT
1_H2,LEUK34,Plate 1 LEUK34,1223,1_H2,LEUK34,Plate 1 LEUK34,1223,229,0.0973,NA,0.101265823,0.0992829115,MUT
1_H1,LEUK34,Plate 1 LEUK34,1215,1_H1,LEUK34,Plate 1 LEUK34,1215,44,NA,NA,NA,0,WT
1_G12,LEUK34,Plate 1 LEUK34,1284,1_G12,LEUK34,Plate 1 LEUK34,1284,106,NA,NA,NA,0,WT
1_G11,LEUK34,Plate 1 LEUK34,1277,1_G11,LEUK34,Plate 1 LEUK34,1277,46,NA,NA,NA,0,WT
1_G10,LEUK34,Plate 1 LEUK34,1270,1_G10,LEUK34,Plate 1 LEUK34,1270,235,0.0965,NA,NA,0.0965,MUT
1_G9,LEUK34,Plate 1 LEUK34,1264,1_G9,LEUK34,Plate 1 LEUK34,1264,70,NA,NA,NA,0,WT
1_G8,LEUK34,Plate 1 LEUK34,1259,1_G8,LEUK34,Plate 1 LEUK34,1259,123,NA,NA,NA,0,WT
1_G7,LEUK34,Plate 1 LEUK34,1254,1_G7,LEUK34,Plate 1 LEUK34,1254,32,NA,NA,NA,0,WT
1_G6,LEUK34,Plate 1 LEUK34,1246,1_G6,LEUK34,Plate 1 LEUK34,1246,295,0.1507,NA,NA,0.1507,MUT
1_G5,LEUK34,Plate 1 LEUK34,1239,1_G5,LEUK34,Plate 1 LEUK34,1239,117,NA,NA,NA,0,WT
1_G4,LEUK34,Plate 1 LEUK34,1234,1_G4,LEUK34,Plate 1 LEUK34,1234,198,NA,NA,NA,0,WT
1_G3,LEUK34,Plate 1 LEUK34,1228,1_G3,LEUK34,Plate 1 LEUK34,1228,407,0.0833,NA,NA,0.0833,MUT
1_G2,LEUK34,Plate 1 LEUK34,1222,1_G2,LEUK34,Plate 1 LEUK34,1222,99,NA,NA,NA,0,WT
1_G1,LEUK34,Plate 1 LEUK34,1214,1_G1,LEUK34,Plate 1 LEUK34,1214,206,NA,NA,NA,0,WT
1_F12,LEUK34,Plate 1 LEUK34,1283,1_F12,LEUK34,Plate 1 LEUK34,1283,20,NA,NA,NA,0,WT
1_F11,LEUK34,Plate 1 LEUK34,1276,1_F11,LEUK34,Plate 1 LEUK34,1276,28,NA,NA,NA,0,WT
1_F10,LEUK34,Plate 1 LEUK34,1269,1_F10,LEUK34,Plate 1 LEUK34,1269,167,NA,NA,NA,0,WT
1_F9,LEUK34,Plate 1 LEUK34,1263,1_F9,LEUK34,Plate 1 LEUK34,1263,20,NA,NA,NA,0,WT
1_F7,LEUK34,Plate 1 LEUK34,1253,1_F7,LEUK34,Plate 1 LEUK34,1253,80,NA,NA,NA,0,WT
1_F6,LEUK34,Plate 1 LEUK34,1245,1_F6,LEUK34,Plate 1 LEUK34,1245,178,0.0795,NA,NA,0.0795,MUT
1_F4,LEUK34,Plate 1 LEUK34,1233,1_F4,LEUK34,Plate 1 LEUK34,1233,229,0.0973,NA,NA,0.0973,MUT
1_F2,LEUK34,Plate 1 LEUK34,1221,1_F2,LEUK34,Plate 1 LEUK34,1221,122,NA,NA,NA,0,WT
1_F1,LEUK34,Plate 1 LEUK34,1213,1_F1,LEUK34,Plate 1 LEUK34,1213,146,0.125,NA,NA,0.125,MUT
1_E12,LEUK34,Plate 1 LEUK34,1282,NA,NA,NA,NA,NA,NA,NA,NA,NA,NA
1_E11,LEUK34,Plate 1 LEUK34,1275,1_E11,LEUK34,Plate 1 LEUK34,1275,36,NA,NA,0.2,0.2,MUT
1_E10,LEUK34,Plate 1 LEUK34,1268,1_E10,LEUK34,Plate 1 LEUK34,1268,198,0.0918,NA,NA,0.0918,MUT
1_E8,LEUK34,Plate 1 LEUK34,1258,1_E8,LEUK34,Plate 1 LEUK34,1258,209,0.1373,NA,0.089552239,0.1134261195,MUT
1_E7,LEUK34,Plate 1 LEUK34,1252,1_E7,LEUK34,Plate 1 LEUK34,1252,52,NA,NA,NA,0,WT
1_E6,LEUK34,Plate 1 LEUK34,1244,1_E6,LEUK34,Plate 1 LEUK34,1244,129,0.1094,NA,NA,0.1094,MUT
1_E4,LEUK34,Plate 1 LEUK34,1232,1_E4,LEUK34,Plate 1 LEUK34,1232,162,NA,NA,NA,0,WT
1_E3,LEUK34,Plate 1 LEUK34,1227,1_E3,LEUK34,Plate 1 LEUK34,1227,602,0.0567,NA,NA,0.0567,MUT
1_E2,LEUK34,Plate 1 LEUK34,1220,1_E2,LEUK34,Plate 1 LEUK34,1220,104,NA,NA,NA,0,WT
1_E1,LEUK34,Plate 1 LEUK34,1212,1_E1,LEUK34,Plate 1 LEUK34,1212,92,NA,NA,NA,0,WT
1_D11,LEUK34,Plate 1 LEUK34,1274,1_D11,LEUK34,Plate 1 LEUK34,1274,44,NA,NA,NA,0,WT
1_D9,LEUK34,Plate 1 LEUK34,1262,1_D9,LEUK34,Plate 1 LEUK34,1262,129,0.1587,NA,0.068181818,0.113440909,MUT
1_D7,LEUK34,Plate 1 LEUK34,1251,1_D7,LEUK34,Plate 1 LEUK34,1251,283,0.1277,NA,NA,0.1277,MUT
1_D6,LEUK34,Plate 1 LEUK34,1243,1_D6,LEUK34,Plate 1 LEUK34,1243,69,NA,NA,NA,0,WT
1_D5,LEUK34,Plate 1 LEUK34,1238,NA,NA,NA,NA,NA,NA,NA,NA,NA,NA
1_D3,LEUK34,Plate 1 LEUK34,1226,1_D3,LEUK34,Plate 1 LEUK34,1226,63,NA,NA,NA,0,WT
1_D2,LEUK34,Plate 1 LEUK34,1219,1_D2,LEUK34,Plate 1 LEUK34,1219,85,NA,NA,NA,0,WT
1_D1,LEUK34,Plate 1 LEUK34,1211,1_D1,LEUK34,Plate 1 LEUK34,1211,316,0.0449,NA,NA,0.0449,MUT
1_C12,LEUK34,Plate 1 LEUK34,1281,1_C12,LEUK34,Plate 1 LEUK34,1281,185,0.0769,NA,NA,0.0769,MUT
1_C11,LEUK34,Plate 1 LEUK34,1273,1_C11,LEUK34,Plate 1 LEUK34,1273,238,0.1441,NA,NA,0.1441,MUT
1_C9,LEUK34,Plate 1 LEUK34,1261,NA,NA,NA,NA,NA,NA,NA,NA,NA,NA
1_C8,LEUK34,Plate 1 LEUK34,1257,1_C8,LEUK34,Plate 1 LEUK34,1257,117,NA,NA,0.058823529,0.058823529,MUT
1_C7,LEUK34,Plate 1 LEUK34,1250,1_C7,LEUK34,Plate 1 LEUK34,1250,179,0.1705,NA,0.177419355,0.17395967750000002,MUT
1_C6,LEUK34,Plate 1 LEUK34,1242,1_C6,LEUK34,Plate 1 LEUK34,1242,871,0.0835,NA,NA,0.0835,MUT
1_C4,LEUK34,Plate 1 LEUK34,1231,1_C4,LEUK34,Plate 1 LEUK34,1231,60,NA,NA,0.111111111,0.111111111,MUT
1_C2,LEUK34,Plate 1 LEUK34,1218,1_C2,LEUK34,Plate 1 LEUK34,1218,651,0.0935,NA,NA,0.0935,MUT
1_C1,LEUK34,Plate 1 LEUK34,1210,1_C1,LEUK34,Plate 1 LEUK34,1210,189,0.0957,NA,0.072463768,0.084081884,MUT
1_B12,LEUK34,Plate 1 LEUK34,1280,1_B12,LEUK34,Plate 1 LEUK34,1280,129,NA,NA,NA,0,WT
1_B10,LEUK34,Plate 1 LEUK34,1267,1_B10,LEUK34,Plate 1 LEUK34,1267,323,0.1338,NA,0.08,0.1069,MUT
1_B9,LEUK34,Plate 1 LEUK34,1260,1_B9,LEUK34,Plate 1 LEUK34,1260,287,0.0851,NA,0.067961165,0.0765305825,MUT
1_B8,LEUK34,Plate 1 LEUK34,1256,1_B8,LEUK34,Plate 1 LEUK34,1256,50,NA,NA,NA,0,WT
1_B7,LEUK34,Plate 1 LEUK34,1249,1_B7,LEUK34,Plate 1 LEUK34,1249,235,0.0603,NA,NA,0.0603,MUT
1_B5,LEUK34,Plate 1 LEUK34,1237,1_B5,LEUK34,Plate 1 LEUK34,1237,56,NA,NA,0.125,0.125,MUT
1_B3,LEUK34,Plate 1 LEUK34,1225,1_B3,LEUK34,Plate 1 LEUK34,1225,73,NA,NA,NA,0,WT
1_B2,LEUK34,Plate 1 LEUK34,1217,1_B2,LEUK34,Plate 1 LEUK34,1217,293,0.0548,NA,NA,0.0548,MUT
1_B1,LEUK34,Plate 1 LEUK34,1209,1_B1,LEUK34,Plate 1 LEUK34,1209,686,0.1187,NA,NA,0.1187,MUT
1_A12,LEUK34,Plate 1 LEUK34,1279,1_A12,LEUK34,Plate 1 LEUK34,1279,60,NA,NA,0.08,0.08,MUT
1_A11,LEUK34,Plate 1 LEUK34,1272,1_A11,LEUK34,Plate 1 LEUK34,1272,22,NA,NA,NA,0,WT
1_A10,LEUK34,Plate 1 LEUK34,1266,1_A10,LEUK34,Plate 1 LEUK34,1266,96,NA,NA,NA,0,WT
1_A8,LEUK34,Plate 1 LEUK34,1255,1_A8,LEUK34,Plate 1 LEUK34,1255,22,NA,NA,NA,0,WT
1_A7,LEUK34,Plate 1 LEUK34,1248,1_A7,LEUK34,Plate 1 LEUK34,1248,95,0.1875,NA,0.075,0.13125,MUT
1_A6,LEUK34,Plate 1 LEUK34,1241,1_A6,LEUK34,Plate 1 LEUK34,1241,437,0.1187,NA,0.06,0.08935,MUT
1_A5,LEUK34,Plate 1 LEUK34,1236,1_A5,LEUK34,Plate 1 LEUK34,1236,304,0.0993,NA,NA,0.0993,MUT
1_A4,LEUK34,Plate 1 LEUK34,1230,1_A4,LEUK34,Plate 1 LEUK34,1230,66,NA,NA,NA,0,WT
1_A3,LEUK34,Plate 1 LEUK34,1224,1_A3,LEUK34,Plate 1 LEUK34,1224,80,NA,NA,NA,0,WT
1_A2,LEUK34,Plate 1 LEUK34,1216,1_A2,LEUK34,Plate 1 LEUK34,1216,49,NA,NA,NA,0,WT
1_A1,LEUK34,Plate 1 LEUK34,1208,1_A1,LEUK34,Plate 1 LEUK34,1208,68,NA,NA,NA,0,WT
2_H12,LEUK34,Plate 2 LEUK34,853,2_H12,LEUK34,Plate 2 LEUK34,853,181,NA,NA,NA,0,WT
2_H11,LEUK34,Plate 2 LEUK34,847,2_H11,LEUK34,Plate 2 LEUK34,847,22,NA,NA,NA,0,WT
2_H9,LEUK34,Plate 2 LEUK34,833,2_H9,LEUK34,Plate 2 LEUK34,833,1526,NA,NA,NA,0,WT
2_H7,LEUK34,Plate 2 LEUK34,820,2_H7,LEUK34,Plate 2 LEUK34,820,2869,NA,NA,NA,0,WT
2_H6,LEUK34,Plate 2 LEUK34,812,2_H6,LEUK34,Plate 2 LEUK34,812,1104,NA,NA,NA,0,WT
2_H5,LEUK34,Plate 2 LEUK34,804,2_H5,LEUK34,Plate 2 LEUK34,804,731,NA,NA,NA,0,WT
2_H4,LEUK34,Plate 2 LEUK34,798,2_H4,LEUK34,Plate 2 LEUK34,798,3015,NA,NA,NA,0,WT
2_H2,LEUK34,Plate 2 LEUK34,784,2_H2,LEUK34,Plate 2 LEUK34,784,1969,NA,NA,NA,0,WT
2_H1,LEUK34,Plate 2 LEUK34,776,2_H1,LEUK34,Plate 2 LEUK34,776,948,NA,NA,NA,0,WT
2_G11,LEUK34,Plate 2 LEUK34,846,2_G11,LEUK34,Plate 2 LEUK34,846,2700,NA,NA,NA,0,WT
2_G10,LEUK34,Plate 2 LEUK34,840,2_G10,LEUK34,Plate 2 LEUK34,840,31,NA,NA,NA,0,WT
2_G8,LEUK34,Plate 2 LEUK34,827,2_G8,LEUK34,Plate 2 LEUK34,827,6444,NA,NA,NA,0,WT
2_G7,LEUK34,Plate 2 LEUK34,819,2_G7,LEUK34,Plate 2 LEUK34,819,3884,NA,NA,NA,0,WT
2_G6,LEUK34,Plate 2 LEUK34,811,2_G6,LEUK34,Plate 2 LEUK34,811,2208,NA,NA,NA,0,WT
2_G5,LEUK34,Plate 2 LEUK34,803,2_G5,LEUK34,Plate 2 LEUK34,803,2172,NA,NA,NA,0,WT
2_G4,LEUK34,Plate 2 LEUK34,797,2_G4,LEUK34,Plate 2 LEUK34,797,1701,NA,NA,NA,0,WT
2_G3,LEUK34,Plate 2 LEUK34,790,2_G3,LEUK34,Plate 2 LEUK34,790,2747,NA,NA,NA,0,WT
2_G2,LEUK34,Plate 2 LEUK34,783,2_G2,LEUK34,Plate 2 LEUK34,783,4738,NA,NA,NA,0,WT
2_G1,LEUK34,Plate 2 LEUK34,775,2_G1,LEUK34,Plate 2 LEUK34,775,1459,NA,NA,NA,0,WT
2_F12,LEUK34,Plate 2 LEUK34,852,2_F12,LEUK34,Plate 2 LEUK34,852,986,NA,NA,NA,0,WT
2_F11,LEUK34,Plate 2 LEUK34,845,2_F11,LEUK34,Plate 2 LEUK34,845,1153,NA,NA,NA,0,WT
2_F10,LEUK34,Plate 2 LEUK34,839,2_F10,LEUK34,Plate 2 LEUK34,839,815,NA,NA,NA,0,WT
2_F9,LEUK34,Plate 2 LEUK34,832,2_F9,LEUK34,Plate 2 LEUK34,832,1629,NA,NA,NA,0,WT
2_F8,LEUK34,Plate 2 LEUK34,826,2_F8,LEUK34,Plate 2 LEUK34,826,814,NA,NA,NA,0,WT
2_F7,LEUK34,Plate 2 LEUK34,818,2_F7,LEUK34,Plate 2 LEUK34,818,1886,NA,NA,NA,0,WT
2_F6,LEUK34,Plate 2 LEUK34,810,2_F6,LEUK34,Plate 2 LEUK34,810,1586,NA,NA,NA,0,WT
2_F5,LEUK34,Plate 2 LEUK34,802,2_F5,LEUK34,Plate 2 LEUK34,802,1405,NA,NA,NA,0,WT
2_F4,LEUK34,Plate 2 LEUK34,796,2_F4,LEUK34,Plate 2 LEUK34,796,166,NA,NA,NA,0,WT
2_F2,LEUK34,Plate 2 LEUK34,782,2_F2,LEUK34,Plate 2 LEUK34,782,2470,NA,NA,NA,0,WT
2_F1,LEUK34,Plate 2 LEUK34,774,2_F1,LEUK34,Plate 2 LEUK34,774,1892,NA,NA,NA,0,WT
2_E12,LEUK34,Plate 2 LEUK34,851,2_E12,LEUK34,Plate 2 LEUK34,851,863,NA,NA,NA,0,WT
2_E11,LEUK34,Plate 2 LEUK34,844,2_E11,LEUK34,Plate 2 LEUK34,844,1964,NA,NA,NA,0,WT
2_E10,LEUK34,Plate 2 LEUK34,838,2_E10,LEUK34,Plate 2 LEUK34,838,4694,NA,NA,NA,0,WT
2_E9,LEUK34,Plate 2 LEUK34,831,2_E9,LEUK34,Plate 2 LEUK34,831,2997,NA,NA,NA,0,WT
2_E8,LEUK34,Plate 2 LEUK34,825,2_E8,LEUK34,Plate 2 LEUK34,825,2049,NA,NA,NA,0,WT
2_E7,LEUK34,Plate 2 LEUK34,817,2_E7,LEUK34,Plate 2 LEUK34,817,2550,NA,NA,NA,0,WT
2_E6,LEUK34,Plate 2 LEUK34,809,2_E6,LEUK34,Plate 2 LEUK34,809,2798,NA,NA,NA,0,WT
2_E4,LEUK34,Plate 2 LEUK34,795,2_E4,LEUK34,Plate 2 LEUK34,795,2123,NA,NA,NA,0,WT
2_E3,LEUK34,Plate 2 LEUK34,789,2_E3,LEUK34,Plate 2 LEUK34,789,522,NA,NA,NA,0,WT
2_E2,LEUK34,Plate 2 LEUK34,781,2_E2,LEUK34,Plate 2 LEUK34,781,251,NA,NA,NA,0,WT
2_E1,LEUK34,Plate 2 LEUK34,773,2_E1,LEUK34,Plate 2 LEUK34,773,2900,NA,NA,NA,0,WT
2_D12,LEUK34,Plate 2 LEUK34,850,2_D12,LEUK34,Plate 2 LEUK34,850,998,NA,NA,NA,0,WT
2_D11,LEUK34,Plate 2 LEUK34,843,2_D11,LEUK34,Plate 2 LEUK34,843,514,NA,NA,NA,0,WT
2_D10,LEUK34,Plate 2 LEUK34,837,2_D10,LEUK34,Plate 2 LEUK34,837,615,NA,NA,NA,0,WT
2_D9,LEUK34,Plate 2 LEUK34,830,2_D9,LEUK34,Plate 2 LEUK34,830,2201,NA,NA,NA,0,WT
2_D8,LEUK34,Plate 2 LEUK34,824,2_D8,LEUK34,Plate 2 LEUK34,824,4022,NA,NA,NA,0,WT
2_D7,LEUK34,Plate 2 LEUK34,816,2_D7,LEUK34,Plate 2 LEUK34,816,150,NA,NA,NA,0,WT
2_D6,LEUK34,Plate 2 LEUK34,808,2_D6,LEUK34,Plate 2 LEUK34,808,1145,NA,NA,NA,0,WT
2_D5,LEUK34,Plate 2 LEUK34,801,2_D5,LEUK34,Plate 2 LEUK34,801,2547,NA,NA,NA,0,WT
2_D4,LEUK34,Plate 2 LEUK34,794,2_D4,LEUK34,Plate 2 LEUK34,794,4456,NA,NA,NA,0,WT
2_D3,LEUK34,Plate 2 LEUK34,788,2_D3,LEUK34,Plate 2 LEUK34,788,2189,NA,NA,NA,0,WT
2_D2,LEUK34,Plate 2 LEUK34,780,2_D2,LEUK34,Plate 2 LEUK34,780,3355,NA,NA,NA,0,WT
2_D1,LEUK34,Plate 2 LEUK34,772,2_D1,LEUK34,Plate 2 LEUK34,772,2774,NA,NA,NA,0,WT
2_C12,LEUK34,Plate 2 LEUK34,849,2_C12,LEUK34,Plate 2 LEUK34,849,419,NA,NA,NA,0,WT
2_C11,LEUK34,Plate 2 LEUK34,842,2_C11,LEUK34,Plate 2 LEUK34,842,214,NA,NA,NA,0,WT
2_C10,LEUK34,Plate 2 LEUK34,836,2_C10,LEUK34,Plate 2 LEUK34,836,2698,NA,NA,NA,0,WT
2_C8,LEUK34,Plate 2 LEUK34,823,2_C8,LEUK34,Plate 2 LEUK34,823,1915,NA,NA,NA,0,WT
2_C7,LEUK34,Plate 2 LEUK34,815,2_C7,LEUK34,Plate 2 LEUK34,815,2602,NA,NA,NA,0,WT
2_C6,LEUK34,Plate 2 LEUK34,807,2_C6,LEUK34,Plate 2 LEUK34,807,614,NA,NA,NA,0,WT
2_C5,LEUK34,Plate 2 LEUK34,800,2_C5,LEUK34,Plate 2 LEUK34,800,652,NA,NA,NA,0,WT
2_C4,LEUK34,Plate 2 LEUK34,793,2_C4,LEUK34,Plate 2 LEUK34,793,1954,NA,NA,NA,0,WT
2_C3,LEUK34,Plate 2 LEUK34,787,2_C3,LEUK34,Plate 2 LEUK34,787,2438,NA,NA,NA,0,WT
2_C2,LEUK34,Plate 2 LEUK34,779,2_C2,LEUK34,Plate 2 LEUK34,779,665,NA,NA,NA,0,WT
2_C1,LEUK34,Plate 2 LEUK34,771,2_C1,LEUK34,Plate 2 LEUK34,771,1158,NA,NA,NA,0,WT
2_B10,LEUK34,Plate 2 LEUK34,835,2_B10,LEUK34,Plate 2 LEUK34,835,1243,NA,NA,NA,0,WT
2_B9,LEUK34,Plate 2 LEUK34,829,2_B9,LEUK34,Plate 2 LEUK34,829,836,NA,NA,NA,0,WT
2_B8,LEUK34,Plate 2 LEUK34,822,2_B8,LEUK34,Plate 2 LEUK34,822,2697,NA,NA,NA,0,WT
2_B7,LEUK34,Plate 2 LEUK34,814,2_B7,LEUK34,Plate 2 LEUK34,814,2472,NA,NA,NA,0,WT
2_B6,LEUK34,Plate 2 LEUK34,806,2_B6,LEUK34,Plate 2 LEUK34,806,4332,NA,NA,NA,0,WT
2_B4,LEUK34,Plate 2 LEUK34,792,2_B4,LEUK34,Plate 2 LEUK34,792,3574,NA,NA,NA,0,WT
2_B3,LEUK34,Plate 2 LEUK34,786,2_B3,LEUK34,Plate 2 LEUK34,786,1504,NA,NA,NA,0,WT
2_B2,LEUK34,Plate 2 LEUK34,778,2_B2,LEUK34,Plate 2 LEUK34,778,2925,NA,NA,NA,0,WT
2_B1,LEUK34,Plate 2 LEUK34,770,2_B1,LEUK34,Plate 2 LEUK34,770,2144,NA,NA,NA,0,WT
2_A12,LEUK34,Plate 2 LEUK34,848,2_A12,LEUK34,Plate 2 LEUK34,848,454,NA,NA,NA,0,WT
2_A11,LEUK34,Plate 2 LEUK34,841,2_A11,LEUK34,Plate 2 LEUK34,841,594,NA,NA,NA,0,WT
2_A10,LEUK34,Plate 2 LEUK34,834,2_A10,LEUK34,Plate 2 LEUK34,834,1189,NA,NA,NA,0,WT
2_A9,LEUK34,Plate 2 LEUK34,828,2_A9,LEUK34,Plate 2 LEUK34,828,220,NA,NA,NA,0,WT
2_A8,LEUK34,Plate 2 LEUK34,821,2_A8,LEUK34,Plate 2 LEUK34,821,377,NA,NA,NA,0,WT
2_A7,LEUK34,Plate 2 LEUK34,813,2_A7,LEUK34,Plate 2 LEUK34,813,432,NA,NA,NA,0,WT
2_A6,LEUK34,Plate 2 LEUK34,805,2_A6,LEUK34,Plate 2 LEUK34,805,1515,NA,NA,NA,0,WT
2_A5,LEUK34,Plate 2 LEUK34,799,2_A5,LEUK34,Plate 2 LEUK34,799,738,NA,NA,NA,0,WT
2_A4,LEUK34,Plate 2 LEUK34,791,2_A4,LEUK34,Plate 2 LEUK34,791,3196,NA,NA,NA,0,WT
2_A3,LEUK34,Plate 2 LEUK34,785,2_A3,LEUK34,Plate 2 LEUK34,785,1386,NA,NA,NA,0,WT
2_A2,LEUK34,Plate 2 LEUK34,777,2_A2,LEUK34,Plate 2 LEUK34,777,213,NA,NA,NA,0,WT
2_A1,LEUK34,Plate 2 LEUK34,769,2_A1,LEUK34,Plate 2 LEUK34,769,2337,NA,NA,NA,0,WT
3_H10,LEUK34,Plate 3 LEUK34,1503,3_H10,LEUK34,Plate 3 LEUK34,1503,173,0.1279,NA,NA,0.1279,MUT
3_H9,LEUK34,Plate 3 LEUK34,1497,3_H9,LEUK34,Plate 3 LEUK34,1497,109,NA,NA,NA,0,WT
3_H8,LEUK34,Plate 3 LEUK34,1492,3_H8,LEUK34,Plate 3 LEUK34,1492,118,0.1186,NA,NA,0.1186,MUT
3_H7,LEUK34,Plate 3 LEUK34,1485,3_H7,LEUK34,Plate 3 LEUK34,1485,228,0.0849,NA,NA,0.0849,MUT
3_H6,LEUK34,Plate 3 LEUK34,1477,3_H6,LEUK34,Plate 3 LEUK34,1477,362,0.0939,NA,NA,0.0939,MUT
3_H5,LEUK34,Plate 3 LEUK34,1470,3_H5,LEUK34,Plate 3 LEUK34,1470,208,0.0962,NA,0.073529412,0.084864706,MUT
3_H3,LEUK34,Plate 3 LEUK34,1457,NA,NA,NA,NA,NA,NA,NA,NA,NA,NA
3_H2,LEUK34,Plate 3 LEUK34,1451,3_H2,LEUK34,Plate 3 LEUK34,1451,202,0.10780000000000001,NA,NA,0.10780000000000001,MUT
3_H1,LEUK34,Plate 3 LEUK34,1445,3_H1,LEUK34,Plate 3 LEUK34,1445,1041,0.112,NA,NA,0.112,MUT
3_G12,LEUK34,Plate 3 LEUK34,1515,3_G12,LEUK34,Plate 3 LEUK34,1515,120,NA,NA,NA,0,WT
3_G11,LEUK34,Plate 3 LEUK34,1510,3_G11,LEUK34,Plate 3 LEUK34,1510,216,0.0748,NA,NA,0.0748,MUT
3_G10,LEUK34,Plate 3 LEUK34,1502,3_G10,LEUK34,Plate 3 LEUK34,1502,86,NA,NA,NA,0,WT
3_G8,LEUK34,Plate 3 LEUK34,1491,3_G8,LEUK34,Plate 3 LEUK34,1491,132,0.1212,NA,NA,0.1212,MUT
3_G7,LEUK34,Plate 3 LEUK34,1484,3_G7,LEUK34,Plate 3 LEUK34,1484,322,0.0864,NA,NA,0.0864,MUT
3_G6,LEUK34,Plate 3 LEUK34,1476,3_G6,LEUK34,Plate 3 LEUK34,1476,132,NA,NA,NA,0,WT
3_G5,LEUK34,Plate 3 LEUK34,1469,3_G5,LEUK34,Plate 3 LEUK34,1469,126,NA,NA,0.081632653,0.081632653,MUT
3_G4,LEUK34,Plate 3 LEUK34,1462,3_G4,LEUK34,Plate 3 LEUK34,1462,270,0.1269,NA,NA,0.1269,MUT
3_G1,LEUK34,Plate 3 LEUK34,1444,3_G1,LEUK34,Plate 3 LEUK34,1444,464,0.0991,NA,NA,0.0991,MUT
3_F12,LEUK34,Plate 3 LEUK34,1514,NA,NA,NA,NA,NA,NA,NA,NA,NA,NA
3_F11,LEUK34,Plate 3 LEUK34,1509,3_F11,LEUK34,Plate 3 LEUK34,1509,432,0.1221,NA,NA,0.1221,MUT
3_F9,LEUK34,Plate 3 LEUK34,1496,3_F9,LEUK34,Plate 3 LEUK34,1496,159,0.0909,NA,NA,0.0909,MUT
3_F8,LEUK34,Plate 3 LEUK34,1490,NA,NA,NA,NA,NA,NA,NA,NA,NA,NA
3_F7,LEUK34,Plate 3 LEUK34,1483,3_F7,LEUK34,Plate 3 LEUK34,1483,225,0.0796,NA,NA,0.0796,MUT
3_F6,LEUK34,Plate 3 LEUK34,1475,NA,NA,NA,NA,NA,NA,NA,NA,NA,NA
3_F5,LEUK34,Plate 3 LEUK34,1468,3_F5,LEUK34,Plate 3 LEUK34,1468,417,0.1117,NA,NA,0.1117,MUT
3_F3,LEUK34,Plate 3 LEUK34,1456,3_F3,LEUK34,Plate 3 LEUK34,1456,182,0.1222,NA,NA,0.1222,MUT
3_F2,LEUK34,Plate 3 LEUK34,1450,3_F2,LEUK34,Plate 3 LEUK34,1450,221,0.1182,NA,NA,0.1182,MUT
3_F1,LEUK34,Plate 3 LEUK34,1443,3_F1,LEUK34,Plate 3 LEUK34,1443,187,0.1196,NA,0.075757576,0.09767878799999999,MUT
3_E12,LEUK34,Plate 3 LEUK34,1513,3_E12,LEUK34,Plate 3 LEUK34,1513,192,0.0737,NA,NA,0.0737,MUT
3_E11,LEUK34,Plate 3 LEUK34,1508,3_E11,LEUK34,Plate 3 LEUK34,1508,118,NA,NA,NA,0,WT
3_E9,LEUK34,Plate 3 LEUK34,1495,3_E9,LEUK34,Plate 3 LEUK34,1495,146,NA,NA,NA,0,WT
3_E8,LEUK34,Plate 3 LEUK34,1489,3_E8,LEUK34,Plate 3 LEUK34,1489,451,0.1041,NA,NA,0.1041,MUT
3_E7,LEUK34,Plate 3 LEUK34,1482,3_E7,LEUK34,Plate 3 LEUK34,1482,173,0.1395,NA,NA,0.1395,MUT
3_E6,LEUK34,Plate 3 LEUK34,1474,3_E6,LEUK34,Plate 3 LEUK34,1474,198,0.101,NA,NA,0.101,MUT
3_E5,LEUK34,Plate 3 LEUK34,1467,3_E5,LEUK34,Plate 3 LEUK34,1467,314,0.1026,NA,NA,0.1026,MUT
3_E4,LEUK34,Plate 3 LEUK34,1461,3_E4,LEUK34,Plate 3 LEUK34,1461,120,NA,NA,NA,0,WT
3_E2,LEUK34,Plate 3 LEUK34,1449,3_E2,LEUK34,Plate 3 LEUK34,1449,130,NA,NA,NA,0,WT
3_E1,LEUK34,Plate 3 LEUK34,1442,3_E1,LEUK34,Plate 3 LEUK34,1442,253,0.0635,NA,NA,0.0635,MUT
3_D12,LEUK34,Plate 3 LEUK34,1512,3_D12,LEUK34,Plate 3 LEUK34,1512,326,0.1188,NA,NA,0.1188,MUT
3_D11,LEUK34,Plate 3 LEUK34,1507,3_D11,LEUK34,Plate 3 LEUK34,1507,156,NA,NA,NA,0,WT
3_D10,LEUK34,Plate 3 LEUK34,1501,3_D10,LEUK34,Plate 3 LEUK34,1501,376,0.1016,NA,NA,0.1016,MUT
3_D9,LEUK34,Plate 3 LEUK34,1494,3_D9,LEUK34,Plate 3 LEUK34,1494,301,0.06,NA,NA,0.06,MUT
3_D8,LEUK34,Plate 3 LEUK34,1488,3_D8,LEUK34,Plate 3 LEUK34,1488,199,0.1212,NA,0.094594595,0.1078972975,MUT
3_D7,LEUK34,Plate 3 LEUK34,1481,3_D7,LEUK34,Plate 3 LEUK34,1481,246,0.0574,NA,NA,0.0574,MUT
3_D6,LEUK34,Plate 3 LEUK34,1473,3_D6,LEUK34,Plate 3 LEUK34,1473,316,0.1139,NA,NA,0.1139,MUT
3_D5,LEUK34,Plate 3 LEUK34,1466,3_D5,LEUK34,Plate 3 LEUK34,1466,520,0.1,NA,NA,0.1,MUT
3_D4,LEUK34,Plate 3 LEUK34,1460,3_D4,LEUK34,Plate 3 LEUK34,1460,276,0.1324,NA,NA,0.1324,MUT
3_D3,LEUK34,Plate 3 LEUK34,1455,3_D3,LEUK34,Plate 3 LEUK34,1455,263,0.1,NA,NA,0.1,MUT
3_C12,LEUK34,Plate 3 LEUK34,1511,3_C12,LEUK34,Plate 3 LEUK34,1511,211,0.1038,NA,0.064935065,0.08436753250000001,MUT
3_C11,LEUK34,Plate 3 LEUK34,1506,3_C11,LEUK34,Plate 3 LEUK34,1506,306,0.1184,NA,0.0625,0.09045,MUT
3_C10,LEUK34,Plate 3 LEUK34,1500,3_C10,LEUK34,Plate 3 LEUK34,1500,156,0.0909,NA,NA,0.0909,MUT
3_C8,LEUK34,Plate 3 LEUK34,1487,3_C8,LEUK34,Plate 3 LEUK34,1487,90,NA,NA,NA,0,WT
3_C7,LEUK34,Plate 3 LEUK34,1480,3_C7,LEUK34,Plate 3 LEUK34,1480,383,0.1,NA,NA,0.1,MUT
3_C5,LEUK34,Plate 3 LEUK34,1465,NA,NA,NA,NA,NA,NA,NA,NA,NA,NA
3_C4,LEUK34,Plate 3 LEUK34,1459,3_C4,LEUK34,Plate 3 LEUK34,1459,819,0.0811,NA,NA,0.0811,MUT
3_C3,LEUK34,Plate 3 LEUK34,1454,3_C3,LEUK34,Plate 3 LEUK34,1454,389,0.1237,NA,0.072847682,0.098273841,MUT
3_C2,LEUK34,Plate 3 LEUK34,1448,3_C2,LEUK34,Plate 3 LEUK34,1448,239,0.1008,NA,NA,0.1008,MUT
3_C1,LEUK34,Plate 3 LEUK34,1441,3_C1,LEUK34,Plate 3 LEUK34,1441,262,0.1231,NA,0.154639175,0.1388695875,MUT
3_B11,LEUK34,Plate 3 LEUK34,1505,3_B11,LEUK34,Plate 3 LEUK34,1505,200,0.1327,NA,NA,0.1327,MUT
3_B10,LEUK34,Plate 3 LEUK34,1499,3_B10,LEUK34,Plate 3 LEUK34,1499,88,NA,NA,NA,0,WT
3_B9,LEUK34,Plate 3 LEUK34,1493,3_B9,LEUK34,Plate 3 LEUK34,1493,785,0.0974,NA,NA,0.0974,MUT
3_B8,LEUK34,Plate 3 LEUK34,1486,3_B8,LEUK34,Plate 3 LEUK34,1486,188,0.1087,NA,NA,0.1087,MUT
3_B7,LEUK34,Plate 3 LEUK34,1479,3_B7,LEUK34,Plate 3 LEUK34,1479,228,0.0973,NA,NA,0.0973,MUT
3_B6,LEUK34,Plate 3 LEUK34,1472,3_B6,LEUK34,Plate 3 LEUK34,1472,443,0.0905,NA,NA,0.0905,MUT
3_B5,LEUK34,Plate 3 LEUK34,1464,3_B5,LEUK34,Plate 3 LEUK34,1464,206,0.098,NA,NA,0.098,MUT
3_B4,LEUK34,Plate 3 LEUK34,1458,3_B4,LEUK34,Plate 3 LEUK34,1458,179,0.0899,NA,NA,0.0899,MUT
3_B3,LEUK34,Plate 3 LEUK34,1453,3_B3,LEUK34,Plate 3 LEUK34,1453,106,NA,NA,NA,0,WT
3_B2,LEUK34,Plate 3 LEUK34,1447,3_B2,LEUK34,Plate 3 LEUK34,1447,240,0.0678,NA,NA,0.0678,MUT
3_B1,LEUK34,Plate 3 LEUK34,1440,3_B1,LEUK34,Plate 3 LEUK34,1440,126,0.127,NA,NA,0.127,MUT
3_A11,LEUK34,Plate 3 LEUK34,1504,3_A11,LEUK34,Plate 3 LEUK34,1504,188,0.1064,NA,NA,0.1064,MUT
3_A10,LEUK34,Plate 3 LEUK34,1498,3_A10,LEUK34,Plate 3 LEUK34,1498,341,0.1018,NA,NA,0.1018,MUT
3_A7,LEUK34,Plate 3 LEUK34,1478,3_A7,LEUK34,Plate 3 LEUK34,1478,557,0.1304,NA,0.086486486,0.108443243,MUT
3_A6,LEUK34,Plate 3 LEUK34,1471,3_A6,LEUK34,Plate 3 LEUK34,1471,184,0.1868,NA,0.074626866,0.130713433,MUT
3_A5,LEUK34,Plate 3 LEUK34,1463,3_A5,LEUK34,Plate 3 LEUK34,1463,119,NA,NA,NA,0,WT
3_A3,LEUK34,Plate 3 LEUK34,1452,3_A3,LEUK34,Plate 3 LEUK34,1452,787,0.11,NA,NA,0.11,MUT
3_A2,LEUK34,Plate 3 LEUK34,1446,3_A2,LEUK34,Plate 3 LEUK34,1446,341,0.1065,NA,NA,0.1065,MUT
4_H12,LEUK34,Plate 4 LEUK34,1589,NA,NA,NA,NA,NA,NA,NA,NA,NA,NA
4_H10,LEUK34,Plate 4 LEUK34,1577,NA,NA,NA,NA,NA,NA,NA,NA,NA,NA
4_H8,LEUK34,Plate 4 LEUK34,1565,4_H8,LEUK34,Plate 4 LEUK34,1565,20,NA,NA,NA,0,WT
4_H7,LEUK34,Plate 4 LEUK34,1559,4_H7,LEUK34,Plate 4 LEUK34,1559,24,NA,NA,NA,0,WT
4_H6,LEUK34,Plate 4 LEUK34,1552,NA,NA,NA,NA,NA,NA,NA,NA,NA,NA
4_H4,LEUK34,Plate 4 LEUK34,1538,NA,NA,NA,NA,NA,NA,NA,NA,NA,NA
4_H3,LEUK34,Plate 4 LEUK34,1532,NA,NA,NA,NA,NA,NA,NA,NA,NA,NA
4_H2,LEUK34,Plate 4 LEUK34,1525,NA,NA,NA,NA,NA,NA,NA,NA,NA,NA
4_G11,LEUK34,Plate 4 LEUK34,1582,NA,NA,NA,NA,NA,NA,NA,NA,NA,NA
4_G10,LEUK34,Plate 4 LEUK34,1576,NA,NA,NA,NA,NA,NA,NA,NA,NA,NA
4_G9,LEUK34,Plate 4 LEUK34,1570,NA,NA,NA,NA,NA,NA,NA,NA,NA,NA
4_G8,LEUK34,Plate 4 LEUK34,1564,NA,NA,NA,NA,NA,NA,NA,NA,NA,NA
4_G7,LEUK34,Plate 4 LEUK34,1558,NA,NA,NA,NA,NA,NA,NA,NA,NA,NA
4_G6,LEUK34,Plate 4 LEUK34,1551,NA,NA,NA,NA,NA,NA,NA,NA,NA,NA
4_G5,LEUK34,Plate 4 LEUK34,1544,NA,NA,NA,NA,NA,NA,NA,NA,NA,NA
4_G4,LEUK34,Plate 4 LEUK34,1537,4_G4,LEUK34,Plate 4 LEUK34,1537,22,NA,NA,NA,0,WT
4_G3,LEUK34,Plate 4 LEUK34,1531,4_G3,LEUK34,Plate 4 LEUK34,1531,40,NA,NA,NA,0,WT
4_F12,LEUK34,Plate 4 LEUK34,1588,NA,NA,NA,NA,NA,NA,NA,NA,NA,NA
4_F11,LEUK34,Plate 4 LEUK34,1581,NA,NA,NA,NA,NA,NA,NA,NA,NA,NA
4_F10,LEUK34,Plate 4 LEUK34,1575,NA,NA,NA,NA,NA,NA,NA,NA,NA,NA
4_F9,LEUK34,Plate 4 LEUK34,1569,NA,NA,NA,NA,NA,NA,NA,NA,NA,NA
4_F7,LEUK34,Plate 4 LEUK34,1557,NA,NA,NA,NA,NA,NA,NA,NA,NA,NA
4_F6,LEUK34,Plate 4 LEUK34,1550,NA,NA,NA,NA,NA,NA,NA,NA,NA,NA
4_F5,LEUK34,Plate 4 LEUK34,1543,NA,NA,NA,NA,NA,NA,NA,NA,NA,NA
4_F4,LEUK34,Plate 4 LEUK34,1536,NA,NA,NA,NA,NA,NA,NA,NA,NA,NA
4_F3,LEUK34,Plate 4 LEUK34,1530,NA,NA,NA,NA,NA,NA,NA,NA,NA,NA
4_F2,LEUK34,Plate 4 LEUK34,1524,NA,NA,NA,NA,NA,NA,NA,NA,NA,NA
4_F1,LEUK34,Plate 4 LEUK34,1520,4_F1,LEUK34,Plate 4 LEUK34,1520,75,0.1892,NA,NA,0.1892,MUT
4_E12,LEUK34,Plate 4 LEUK34,1587,NA,NA,NA,NA,NA,NA,NA,NA,NA,NA
4_E11,LEUK34,Plate 4 LEUK34,1580,NA,NA,NA,NA,NA,NA,NA,NA,NA,NA
4_E10,LEUK34,Plate 4 LEUK34,1574,NA,NA,NA,NA,NA,NA,NA,NA,NA,NA
4_E8,LEUK34,Plate 4 LEUK34,1563,NA,NA,NA,NA,NA,NA,NA,NA,NA,NA
4_E7,LEUK34,Plate 4 LEUK34,1556,NA,NA,NA,NA,NA,NA,NA,NA,NA,NA
4_E6,LEUK34,Plate 4 LEUK34,1549,NA,NA,NA,NA,NA,NA,NA,NA,NA,NA
4_E5,LEUK34,Plate 4 LEUK34,1542,NA,NA,NA,NA,NA,NA,NA,NA,NA,NA
4_E3,LEUK34,Plate 4 LEUK34,1529,NA,NA,NA,NA,NA,NA,NA,NA,NA,NA
4_E2,LEUK34,Plate 4 LEUK34,1523,NA,NA,NA,NA,NA,NA,NA,NA,NA,NA
4_D12,LEUK34,Plate 4 LEUK34,1586,NA,NA,NA,NA,NA,NA,NA,NA,NA,NA
4_D11,LEUK34,Plate 4 LEUK34,1579,NA,NA,NA,NA,NA,NA,NA,NA,NA,NA
4_D10,LEUK34,Plate 4 LEUK34,1573,NA,NA,NA,NA,NA,NA,NA,NA,NA,NA
4_D9,LEUK34,Plate 4 LEUK34,1568,NA,NA,NA,NA,NA,NA,NA,NA,NA,NA
4_D8,LEUK34,Plate 4 LEUK34,1562,NA,NA,NA,NA,NA,NA,NA,NA,NA,NA
4_D7,LEUK34,Plate 4 LEUK34,1555,NA,NA,NA,NA,NA,NA,NA,NA,NA,NA
4_D6,LEUK34,Plate 4 LEUK34,1548,NA,NA,NA,NA,NA,NA,NA,NA,NA,NA
4_D5,LEUK34,Plate 4 LEUK34,1541,NA,NA,NA,NA,NA,NA,NA,NA,NA,NA
4_D3,LEUK34,Plate 4 LEUK34,1528,NA,NA,NA,NA,NA,NA,NA,NA,NA,NA
4_D2,LEUK34,Plate 4 LEUK34,1522,NA,NA,NA,NA,NA,NA,NA,NA,NA,NA
4_D1,LEUK34,Plate 4 LEUK34,1519,NA,NA,NA,NA,NA,NA,NA,NA,NA,NA
4_C12,LEUK34,Plate 4 LEUK34,1585,NA,NA,NA,NA,NA,NA,NA,NA,NA,NA
4_C9,LEUK34,Plate 4 LEUK34,1567,NA,NA,NA,NA,NA,NA,NA,NA,NA,NA
4_C8,LEUK34,Plate 4 LEUK34,1561,NA,NA,NA,NA,NA,NA,NA,NA,NA,NA
4_C6,LEUK34,Plate 4 LEUK34,1547,NA,NA,NA,NA,NA,NA,NA,NA,NA,NA
4_C4,LEUK34,Plate 4 LEUK34,1535,NA,NA,NA,NA,NA,NA,NA,NA,NA,NA
4_C3,LEUK34,Plate 4 LEUK34,1527,NA,NA,NA,NA,NA,NA,NA,NA,NA,NA
4_C2,LEUK34,Plate 4 LEUK34,1521,NA,NA,NA,NA,NA,NA,NA,NA,NA,NA
4_C1,LEUK34,Plate 4 LEUK34,1518,NA,NA,NA,NA,NA,NA,NA,NA,NA,NA
4_B12,LEUK34,Plate 4 LEUK34,1584,NA,NA,NA,NA,NA,NA,NA,NA,NA,NA
4_B11,LEUK34,Plate 4 LEUK34,1578,NA,NA,NA,NA,NA,NA,NA,NA,NA,NA
4_B10,LEUK34,Plate 4 LEUK34,1572,NA,NA,NA,NA,NA,NA,NA,NA,NA,NA
4_B7,LEUK34,Plate 4 LEUK34,1554,NA,NA,NA,NA,NA,NA,NA,NA,NA,NA
4_B6,LEUK34,Plate 4 LEUK34,1546,NA,NA,NA,NA,NA,NA,NA,NA,NA,NA
4_B5,LEUK34,Plate 4 LEUK34,1540,NA,NA,NA,NA,NA,NA,NA,NA,NA,NA
4_B4,LEUK34,Plate 4 LEUK34,1534,NA,NA,NA,NA,NA,NA,NA,NA,NA,NA
4_B3,LEUK34,Plate 4 LEUK34,1526,NA,NA,NA,NA,NA,NA,NA,NA,NA,NA
4_B1,LEUK34,Plate 4 LEUK34,1517,NA,NA,NA,NA,NA,NA,NA,NA,NA,NA
4_A12,LEUK34,Plate 4 LEUK34,1583,4_A12,LEUK34,Plate 4 LEUK34,1583,16,NA,NA,NA,0,WT
4_A10,LEUK34,Plate 4 LEUK34,1571,4_A10,LEUK34,Plate 4 LEUK34,1571,66,NA,NA,NA,0,WT
4_A9,LEUK34,Plate 4 LEUK34,1566,4_A9,LEUK34,Plate 4 LEUK34,1566,193,0.1053,NA,NA,0.1053,MUT
4_A8,LEUK34,Plate 4 LEUK34,1560,NA,NA,NA,NA,NA,NA,NA,NA,NA,NA
4_A7,LEUK34,Plate 4 LEUK34,1553,NA,NA,NA,NA,NA,NA,NA,NA,NA,NA
4_A6,LEUK34,Plate 4 LEUK34,1545,NA,NA,NA,NA,NA,NA,NA,NA,NA,NA
4_A5,LEUK34,Plate 4 LEUK34,1539,NA,NA,NA,NA,NA,NA,NA,NA,NA,NA
4_A4,LEUK34,Plate 4 LEUK34,1533,NA,NA,NA,NA,NA,NA,NA,NA,NA,NA
4_A1,LEUK34,Plate 4 LEUK34,1516,NA,NA,NA,NA,NA,NA,NA,NA,NA,NA
5_H12,LEUK34,Plate 5 LEUK34,1662,5_H12,LEUK34,Plate 5 LEUK34,1662,16,NA,NA,NA,0,WT
5_H10,LEUK34,Plate 5 LEUK34,1652,5_H10,LEUK34,Plate 5 LEUK34,1652,179,0.1264,NA,0.104477612,0.115438806,MUT
5_H9,LEUK34,Plate 5 LEUK34,1645,NA,NA,NA,NA,NA,NA,NA,NA,NA,NA
5_H6,LEUK34,Plate 5 LEUK34,1625,5_H6,LEUK34,Plate 5 LEUK34,1625,614,0.0855,NA,NA,0.0855,MUT
5_H5,LEUK34,Plate 5 LEUK34,1619,5_H5,LEUK34,Plate 5 LEUK34,1619,106,NA,NA,NA,0,WT
5_H4,LEUK34,Plate 5 LEUK34,1612,5_H4,LEUK34,Plate 5 LEUK34,1612,122,NA,NA,NA,0,WT
5_H3,LEUK34,Plate 5 LEUK34,1605,5_H3,LEUK34,Plate 5 LEUK34,1605,978,0.0854,NA,NA,0.0854,MUT
5_H2,LEUK34,Plate 5 LEUK34,1599,5_H2,LEUK34,Plate 5 LEUK34,1599,186,0.086,NA,NA,0.086,MUT
5_H1,LEUK34,Plate 5 LEUK34,1594,5_H1,LEUK34,Plate 5 LEUK34,1594,487,0.0992,NA,NA,0.0992,MUT
5_G12,LEUK34,Plate 5 LEUK34,1661,5_G12,LEUK34,Plate 5 LEUK34,1661,30,NA,NA,0.142857143,0.142857143,MUT
5_G11,LEUK34,Plate 5 LEUK34,1657,5_G11,LEUK34,Plate 5 LEUK34,1657,27,NA,NA,NA,0,WT
5_G10,LEUK34,Plate 5 LEUK34,1651,NA,NA,NA,NA,NA,NA,NA,NA,NA,NA
5_G9,LEUK34,Plate 5 LEUK34,1644,5_G9,LEUK34,Plate 5 LEUK34,1644,24,NA,NA,NA,0,WT
5_G8,LEUK34,Plate 5 LEUK34,1638,NA,NA,NA,NA,NA,NA,NA,NA,NA,NA
5_G7,LEUK34,Plate 5 LEUK34,1632,5_G7,LEUK34,Plate 5 LEUK34,1632,30,NA,NA,NA,0,WT
5_G5,LEUK34,Plate 5 LEUK34,1618,5_G5,LEUK34,Plate 5 LEUK34,1618,1456,0.1053,NA,NA,0.1053,MUT
5_G4,LEUK34,Plate 5 LEUK34,1611,5_G4,LEUK34,Plate 5 LEUK34,1611,403,0.08,NA,NA,0.08,MUT
5_G3,LEUK34,Plate 5 LEUK34,1604,5_G3,LEUK34,Plate 5 LEUK34,1604,185,0.1196,NA,0.071428571,0.09551428549999999,MUT
5_G1,LEUK34,Plate 5 LEUK34,1593,5_G1,LEUK34,Plate 5 LEUK34,1593,213,0.0952,NA,NA,0.0952,MUT
5_F10,LEUK34,Plate 5 LEUK34,1650,5_F10,LEUK34,Plate 5 LEUK34,1650,16,NA,NA,NA,0,WT
5_F9,LEUK34,Plate 5 LEUK34,1643,5_F9,LEUK34,Plate 5 LEUK34,1643,30,NA,NA,NA,0,WT
5_F8,LEUK34,Plate 5 LEUK34,1637,5_F8,LEUK34,Plate 5 LEUK34,1637,70,NA,NA,NA,0,WT
5_F7,LEUK34,Plate 5 LEUK34,1631,5_F7,LEUK34,Plate 5 LEUK34,1631,156,NA,NA,NA,0,WT
5_F5,LEUK34,Plate 5 LEUK34,1617,5_F5,LEUK34,Plate 5 LEUK34,1617,50,NA,NA,NA,0,WT
5_F3,LEUK34,Plate 5 LEUK34,1603,5_F3,LEUK34,Plate 5 LEUK34,1603,250,0.0732,NA,NA,0.0732,MUT
5_F2,LEUK34,Plate 5 LEUK34,1598,5_F2,LEUK34,Plate 5 LEUK34,1598,136,0.1045,NA,NA,0.1045,MUT
5_E12,LEUK34,Plate 5 LEUK34,1660,5_E12,LEUK34,Plate 5 LEUK34,1660,95,NA,NA,0.076923077,0.076923077,MUT
5_E11,LEUK34,Plate 5 LEUK34,1656,NA,NA,NA,NA,NA,NA,NA,NA,NA,NA
5_E10,LEUK34,Plate 5 LEUK34,1649,5_E10,LEUK34,Plate 5 LEUK34,1649,14,NA,NA,0.333333333,0.333333333,MUT
5_E9,LEUK34,Plate 5 LEUK34,1642,NA,NA,NA,NA,NA,NA,NA,NA,NA,NA
5_E8,LEUK34,Plate 5 LEUK34,1636,5_E8,LEUK34,Plate 5 LEUK34,1636,14,NA,0.667,0.5,0.5835,MUT
5_E7,LEUK34,Plate 5 LEUK34,1630,5_E7,LEUK34,Plate 5 LEUK34,1630,488,0.1061,NA,NA,0.1061,MUT
5_E6,LEUK34,Plate 5 LEUK34,1624,5_E6,LEUK34,Plate 5 LEUK34,1624,203,0.1313,NA,NA,0.1313,MUT
5_E5,LEUK34,Plate 5 LEUK34,1616,5_E5,LEUK34,Plate 5 LEUK34,1616,155,NA,NA,NA,0,WT
5_E4,LEUK34,Plate 5 LEUK34,1610,5_E4,LEUK34,Plate 5 LEUK34,1610,239,0.0756,NA,NA,0.0756,MUT
5_E3,LEUK34,Plate 5 LEUK34,1602,5_E3,LEUK34,Plate 5 LEUK34,1602,52,NA,NA,NA,0,WT
5_E2,LEUK34,Plate 5 LEUK34,1597,NA,NA,NA,NA,NA,NA,NA,NA,NA,NA
5_E1,LEUK34,Plate 5 LEUK34,1592,5_E1,LEUK34,Plate 5 LEUK34,1592,251,0.096,NA,NA,0.096,MUT
5_D11,LEUK34,Plate 5 LEUK34,1655,5_D11,LEUK34,Plate 5 LEUK34,1655,72,NA,NA,0.090909091,0.090909091,MUT
5_D8,LEUK34,Plate 5 LEUK34,1635,5_D8,LEUK34,Plate 5 LEUK34,1635,35,NA,NA,NA,0,WT
5_D7,LEUK34,Plate 5 LEUK34,1629,5_D7,LEUK34,Plate 5 LEUK34,1629,143,NA,NA,NA,0,WT
5_D6,LEUK34,Plate 5 LEUK34,1623,5_D6,LEUK34,Plate 5 LEUK34,1623,120,NA,NA,NA,0,WT
5_D5,LEUK34,Plate 5 LEUK34,1615,5_D5,LEUK34,Plate 5 LEUK34,1615,14,NA,NA,NA,0,WT
5_D4,LEUK34,Plate 5 LEUK34,1609,5_D4,LEUK34,Plate 5 LEUK34,1609,543,0.1176,NA,0.118811881,0.1182059405,MUT
5_D3,LEUK34,Plate 5 LEUK34,1601,5_D3,LEUK34,Plate 5 LEUK34,1601,118,0.1724,NA,0.102564103,0.1374820515,MUT
5_D2,LEUK34,Plate 5 LEUK34,1596,5_D2,LEUK34,Plate 5 LEUK34,1596,350,0.0877,NA,0.064516129,0.0761080645,MUT
5_D1,LEUK34,Plate 5 LEUK34,1591,5_D1,LEUK34,Plate 5 LEUK34,1591,308,0.0915,NA,NA,0.0915,MUT
5_C12,LEUK34,Plate 5 LEUK34,1659,NA,NA,NA,NA,NA,NA,NA,NA,NA,NA
5_C11,LEUK34,Plate 5 LEUK34,1654,5_C11,LEUK34,Plate 5 LEUK34,1654,46,NA,NA,NA,0,WT
5_C10,LEUK34,Plate 5 LEUK34,1648,NA,NA,NA,NA,NA,NA,NA,NA,NA,NA
5_C9,LEUK34,Plate 5 LEUK34,1641,5_C9,LEUK34,Plate 5 LEUK34,1641,36,NA,NA,NA,0,WT
5_C8,LEUK34,Plate 5 LEUK34,1634,5_C8,LEUK34,Plate 5 LEUK34,1634,128,NA,NA,NA,0,WT
5_C7,LEUK34,Plate 5 LEUK34,1628,5_C7,LEUK34,Plate 5 LEUK34,1628,24,NA,NA,NA,0,WT
5_C6,LEUK34,Plate 5 LEUK34,1622,NA,NA,NA,NA,NA,NA,NA,NA,NA,NA
5_C4,LEUK34,Plate 5 LEUK34,1608,5_C4,LEUK34,Plate 5 LEUK34,1608,32,NA,NA,NA,0,WT
5_B10,LEUK34,Plate 5 LEUK34,1647,NA,NA,NA,NA,NA,NA,NA,NA,NA,NA
5_B9,LEUK34,Plate 5 LEUK34,1640,5_B9,LEUK34,Plate 5 LEUK34,1640,20,NA,NA,NA,0,WT
5_B7,LEUK34,Plate 5 LEUK34,1627,5_B7,LEUK34,Plate 5 LEUK34,1627,118,NA,NA,NA,0,WT
5_B6,LEUK34,Plate 5 LEUK34,1621,5_B6,LEUK34,Plate 5 LEUK34,1621,16,NA,NA,NA,0,WT
5_B5,LEUK34,Plate 5 LEUK34,1614,5_B5,LEUK34,Plate 5 LEUK34,1614,228,0.1228,NA,0.094117647,0.1084588235,MUT
5_B4,LEUK34,Plate 5 LEUK34,1607,5_B4,LEUK34,Plate 5 LEUK34,1607,68,NA,NA,NA,0,WT
5_A12,LEUK34,Plate 5 LEUK34,1658,5_A12,LEUK34,Plate 5 LEUK34,1658,72,NA,NA,0.1,0.1,MUT
5_A11,LEUK34,Plate 5 LEUK34,1653,5_A11,LEUK34,Plate 5 LEUK34,1653,16,NA,NA,NA,0,WT
5_A10,LEUK34,Plate 5 LEUK34,1646,NA,NA,NA,NA,NA,NA,NA,NA,NA,NA
5_A9,LEUK34,Plate 5 LEUK34,1639,NA,NA,NA,NA,NA,NA,NA,NA,NA,NA
5_A8,LEUK34,Plate 5 LEUK34,1633,NA,NA,NA,NA,NA,NA,NA,NA,NA,NA
5_A7,LEUK34,Plate 5 LEUK34,1626,5_A7,LEUK34,Plate 5 LEUK34,1626,147,NA,NA,NA,0,WT
5_A6,LEUK34,Plate 5 LEUK34,1620,5_A6,LEUK34,Plate 5 LEUK34,1620,231,0.0696,NA,NA,0.0696,MUT
5_A5,LEUK34,Plate 5 LEUK34,1613,5_A5,LEUK34,Plate 5 LEUK34,1613,174,NA,NA,NA,0,WT
5_A4,LEUK34,Plate 5 LEUK34,1606,5_A4,LEUK34,Plate 5 LEUK34,1606,77,NA,NA,NA,0,WT
5_A3,LEUK34,Plate 5 LEUK34,1600,5_A3,LEUK34,Plate 5 LEUK34,1600,189,0.0957,NA,NA,0.0957,MUT
5_A2,LEUK34,Plate 5 LEUK34,1595,5_A2,LEUK34,Plate 5 LEUK34,1595,749,0.0679,NA,NA,0.0679,MUT
5_A1,LEUK34,Plate 5 LEUK34,1590,5_A1,LEUK34,Plate 5 LEUK34,1590,266,0.1136,NA,NA,0.1136,MUT
6_H12,LEUK34,Plate 6 LEUK34,1735,6_H12,LEUK34,Plate 6 LEUK34,1735,33,NA,NA,NA,0,WT
6_H10,LEUK34,Plate 6 LEUK34,1723,6_H10,LEUK34,Plate 6 LEUK34,1723,24,NA,NA,NA,0,WT
6_H9,LEUK34,Plate 6 LEUK34,1716,NA,NA,NA,NA,NA,NA,NA,NA,NA,NA
6_H8,LEUK34,Plate 6 LEUK34,1710,6_H8,LEUK34,Plate 6 LEUK34,1710,40,NA,NA,NA,0,WT
6_H6,LEUK34,Plate 6 LEUK34,1698,6_H6,LEUK34,Plate 6 LEUK34,1698,20,NA,NA,NA,0,WT
6_H5,LEUK34,Plate 6 LEUK34,1691,6_H5,LEUK34,Plate 6 LEUK34,1691,66,NA,NA,NA,0,WT
6_H4,LEUK34,Plate 6 LEUK34,1685,NA,NA,NA,NA,NA,NA,NA,NA,NA,NA
6_G11,LEUK34,Plate 6 LEUK34,1729,6_G11,LEUK34,Plate 6 LEUK34,1729,68,NA,NA,0.09375,0.09375,MUT
6_G10,LEUK34,Plate 6 LEUK34,1722,NA,NA,NA,NA,NA,NA,NA,NA,NA,NA
6_G9,LEUK34,Plate 6 LEUK34,1715,NA,NA,NA,NA,NA,NA,NA,NA,NA,NA
6_G8,LEUK34,Plate 6 LEUK34,1709,6_G8,LEUK34,Plate 6 LEUK34,1709,14,NA,NA,NA,0,WT
6_G6,LEUK34,Plate 6 LEUK34,1697,NA,NA,NA,NA,NA,NA,NA,NA,NA,NA
6_G4,LEUK34,Plate 6 LEUK34,1684,NA,NA,NA,NA,NA,NA,NA,NA,NA,NA
6_G3,LEUK34,Plate 6 LEUK34,1679,NA,NA,NA,NA,NA,NA,NA,NA,NA,NA
6_G1,LEUK34,Plate 6 LEUK34,1668,NA,NA,NA,NA,NA,NA,NA,NA,NA,NA
6_F11,LEUK34,Plate 6 LEUK34,1728,6_F11,LEUK34,Plate 6 LEUK34,1728,52,NA,NA,0.095238095,0.095238095,MUT
6_F10,LEUK34,Plate 6 LEUK34,1721,NA,NA,NA,NA,NA,NA,NA,NA,NA,NA
6_F9,LEUK34,Plate 6 LEUK34,1714,NA,NA,NA,NA,NA,NA,NA,NA,NA,NA
6_F8,LEUK34,Plate 6 LEUK34,1708,NA,NA,NA,NA,NA,NA,NA,NA,NA,NA
6_F7,LEUK34,Plate 6 LEUK34,1703,NA,NA,NA,NA,NA,NA,NA,NA,NA,NA
6_F5,LEUK34,Plate 6 LEUK34,1690,6_F5,LEUK34,Plate 6 LEUK34,1690,80,NA,NA,NA,0,WT
6_F4,LEUK34,Plate 6 LEUK34,1683,6_F4,LEUK34,Plate 6 LEUK34,1683,88,NA,NA,NA,0,WT
6_F3,LEUK34,Plate 6 LEUK34,1678,6_F3,LEUK34,Plate 6 LEUK34,1678,68,NA,NA,NA,0,WT
6_F2,LEUK34,Plate 6 LEUK34,1672,6_F2,LEUK34,Plate 6 LEUK34,1672,94,NA,NA,NA,0,WT
6_F1,LEUK34,Plate 6 LEUK34,1667,6_F1,LEUK34,Plate 6 LEUK34,1667,42,NA,NA,NA,0,WT
6_E12,LEUK34,Plate 6 LEUK34,1734,NA,NA,NA,NA,NA,NA,NA,NA,NA,NA
6_E11,LEUK34,Plate 6 LEUK34,1727,NA,NA,NA,NA,NA,NA,NA,NA,NA,NA
6_E10,LEUK34,Plate 6 LEUK34,1720,NA,NA,NA,NA,NA,NA,NA,NA,NA,NA
6_E9,LEUK34,Plate 6 LEUK34,1713,NA,NA,NA,NA,NA,NA,NA,NA,NA,NA
6_E8,LEUK34,Plate 6 LEUK34,1707,NA,NA,NA,NA,NA,NA,NA,NA,NA,NA
6_E7,LEUK34,Plate 6 LEUK34,1702,6_E7,LEUK34,Plate 6 LEUK34,1702,122,0.1311,NA,NA,0.1311,MUT
6_E6,LEUK34,Plate 6 LEUK34,1696,NA,NA,NA,NA,NA,NA,NA,NA,NA,NA
6_E5,LEUK34,Plate 6 LEUK34,1689,6_E5,LEUK34,Plate 6 LEUK34,1689,22,NA,NA,NA,0,WT
6_E3,LEUK34,Plate 6 LEUK34,1677,6_E3,LEUK34,Plate 6 LEUK34,1677,20,NA,NA,NA,0,WT
6_E2,LEUK34,Plate 6 LEUK34,1671,6_E2,LEUK34,Plate 6 LEUK34,1671,38,NA,NA,NA,0,WT
6_E1,LEUK34,Plate 6 LEUK34,1666,6_E1,LEUK34,Plate 6 LEUK34,1666,36,NA,NA,NA,0,WT
6_D12,LEUK34,Plate 6 LEUK34,1733,6_D12,LEUK34,Plate 6 LEUK34,1733,136,0.1791,NA,0.096153846,0.137626923,MUT
6_D11,LEUK34,Plate 6 LEUK34,1726,6_D11,LEUK34,Plate 6 LEUK34,1726,36,NA,NA,NA,0,WT
6_D10,LEUK34,Plate 6 LEUK34,1719,NA,NA,NA,NA,NA,NA,NA,NA,NA,NA
6_D8,LEUK34,Plate 6 LEUK34,1706,NA,NA,NA,NA,NA,NA,NA,NA,NA,NA
6_D7,LEUK34,Plate 6 LEUK34,1701,6_D7,LEUK34,Plate 6 LEUK34,1701,36,NA,NA,NA,0,WT
6_D6,LEUK34,Plate 6 LEUK34,1695,6_D6,LEUK34,Plate 6 LEUK34,1695,38,NA,NA,NA,0,WT
6_D5,LEUK34,Plate 6 LEUK34,1688,6_D5,LEUK34,Plate 6 LEUK34,1688,18,NA,NA,NA,0,WT
6_D4,LEUK34,Plate 6 LEUK34,1682,6_D4,LEUK34,Plate 6 LEUK34,1682,14,NA,NA,NA,0,WT
6_D3,LEUK34,Plate 6 LEUK34,1676,6_D3,LEUK34,Plate 6 LEUK34,1676,24,NA,NA,NA,0,WT
6_D2,LEUK34,Plate 6 LEUK34,1670,6_D2,LEUK34,Plate 6 LEUK34,1670,16,NA,NA,NA,0,WT
6_D1,LEUK34,Plate 6 LEUK34,1665,NA,NA,NA,NA,NA,NA,NA,NA,NA,NA
6_C12,LEUK34,Plate 6 LEUK34,1732,6_C12,LEUK34,Plate 6 LEUK34,1732,418,0.0913,NA,NA,0.0913,MUT
6_C11,LEUK34,Plate 6 LEUK34,1725,NA,NA,NA,NA,NA,NA,NA,NA,NA,NA
6_C9,LEUK34,Plate 6 LEUK34,1712,NA,NA,NA,NA,NA,NA,NA,NA,NA,NA
6_C7,LEUK34,Plate 6 LEUK34,1700,NA,NA,NA,NA,NA,NA,NA,NA,NA,NA
6_C6,LEUK34,Plate 6 LEUK34,1694,NA,NA,NA,NA,NA,NA,NA,NA,NA,NA
6_C4,LEUK34,Plate 6 LEUK34,1681,6_C4,LEUK34,Plate 6 LEUK34,1681,14,NA,NA,NA,0,WT
6_C3,LEUK34,Plate 6 LEUK34,1675,6_C3,LEUK34,Plate 6 LEUK34,1675,48,NA,NA,NA,0,WT
6_C1,LEUK34,Plate 6 LEUK34,1664,NA,NA,NA,NA,NA,NA,NA,NA,NA,NA
6_B12,LEUK34,Plate 6 LEUK34,1731,6_B12,LEUK34,Plate 6 LEUK34,1731,17,NA,NA,NA,0,WT
6_B10,LEUK34,Plate 6 LEUK34,1718,NA,NA,NA,NA,NA,NA,NA,NA,NA,NA
6_B9,LEUK34,Plate 6 LEUK34,1711,NA,NA,NA,NA,NA,NA,NA,NA,NA,NA
6_B8,LEUK34,Plate 6 LEUK34,1705,6_B8,LEUK34,Plate 6 LEUK34,1705,169,NA,NA,NA,0,WT
6_B7,LEUK34,Plate 6 LEUK34,1699,6_B7,LEUK34,Plate 6 LEUK34,1699,16,NA,NA,NA,0,WT
6_B6,LEUK34,Plate 6 LEUK34,1693,NA,NA,NA,NA,NA,NA,NA,NA,NA,NA
6_B5,LEUK34,Plate 6 LEUK34,1687,NA,NA,NA,NA,NA,NA,NA,NA,NA,NA
6_B4,LEUK34,Plate 6 LEUK34,1680,NA,NA,NA,NA,NA,NA,NA,NA,NA,NA
6_B3,LEUK34,Plate 6 LEUK34,1674,6_B3,LEUK34,Plate 6 LEUK34,1674,74,NA,NA,0.103448276,0.103448276,MUT
6_A12,LEUK34,Plate 6 LEUK34,1730,NA,NA,NA,NA,NA,NA,NA,NA,NA,NA
6_A11,LEUK34,Plate 6 LEUK34,1724,NA,NA,NA,NA,NA,NA,NA,NA,NA,NA
6_A10,LEUK34,Plate 6 LEUK34,1717,6_A10,LEUK34,Plate 6 LEUK34,1717,80,0.225,NA,0.176470588,0.200735294,MUT
6_A8,LEUK34,Plate 6 LEUK34,1704,6_A8,LEUK34,Plate 6 LEUK34,1704,64,NA,NA,0.136363636,0.136363636,MUT
6_A6,LEUK34,Plate 6 LEUK34,1692,6_A6,LEUK34,Plate 6 LEUK34,1692,205,0.1068,NA,0.063291139,0.0850455695,MUT
6_A5,LEUK34,Plate 6 LEUK34,1686,6_A5,LEUK34,Plate 6 LEUK34,1686,46,NA,NA,NA,0,WT
6_A3,LEUK34,Plate 6 LEUK34,1673,NA,NA,NA,NA,NA,NA,NA,NA,NA,NA
6_A2,LEUK34,Plate 6 LEUK34,1669,NA,NA,NA,NA,NA,NA,NA,NA,NA,NA
6_A1,LEUK34,Plate 6 LEUK34,1663,6_A1,LEUK34,Plate 6 LEUK34,1663,49,NA,NA,NA,0,WT
7_H12,LEUK34,Plate 7 LEUK34,1874,NA,NA,NA,NA,NA,NA,NA,NA,NA,NA
7_H11,LEUK34,Plate 7 LEUK34,1867,NA,NA,NA,NA,NA,NA,NA,NA,NA,NA
7_H10,LEUK34,Plate 7 LEUK34,1860,NA,NA,NA,NA,NA,NA,NA,NA,NA,NA
7_H9,LEUK34,Plate 7 LEUK34,1855,7_H9,LEUK34,Plate 7 LEUK34,1855,683,0.1209,NA,NA,0.1209,MUT
7_H8,LEUK34,Plate 7 LEUK34,1848,7_H8,LEUK34,Plate 7 LEUK34,1848,782,0.0853,NA,NA,0.0853,MUT
7_H7,LEUK34,Plate 7 LEUK34,1840,7_H7,LEUK34,Plate 7 LEUK34,1840,847,0.0969,NA,NA,0.0969,MUT
7_H6,LEUK34,Plate 7 LEUK34,1834,7_H6,LEUK34,Plate 7 LEUK34,1834,1002,0.1198,NA,0.072507553,0.09615377650000001,MUT
7_H5,LEUK34,Plate 7 LEUK34,1829,7_H5,LEUK34,Plate 7 LEUK34,1829,1290,0.0936,NA,NA,0.0936,MUT
7_H4,LEUK34,Plate 7 LEUK34,1823,7_H4,LEUK34,Plate 7 LEUK34,1823,394,0.096,NA,NA,0.096,MUT
7_H2,LEUK34,Plate 7 LEUK34,1813,7_H2,LEUK34,Plate 7 LEUK34,1813,87,NA,NA,NA,0,WT
7_H1,LEUK34,Plate 7 LEUK34,1808,7_H1,LEUK34,Plate 7 LEUK34,1808,120,NA,NA,NA,0,WT
7_G11,LEUK34,Plate 7 LEUK34,1866,7_G11,LEUK34,Plate 7 LEUK34,1866,320,0.0769,NA,NA,0.0769,MUT
7_G9,LEUK34,Plate 7 LEUK34,1854,7_G9,LEUK34,Plate 7 LEUK34,1854,50,NA,NA,0.095238095,0.095238095,MUT
7_G8,LEUK34,Plate 7 LEUK34,1847,7_G8,LEUK34,Plate 7 LEUK34,1847,1629,0.1063,NA,NA,0.1063,MUT
7_G7,LEUK34,Plate 7 LEUK34,1839,7_G7,LEUK34,Plate 7 LEUK34,1839,329,0.0491,NA,NA,0.0491,MUT
7_G6,LEUK34,Plate 7 LEUK34,1833,7_G6,LEUK34,Plate 7 LEUK34,1833,232,0.0862,NA,NA,0.0862,MUT
7_G5,LEUK34,Plate 7 LEUK34,1828,7_G5,LEUK34,Plate 7 LEUK34,1828,696,0.1069,NA,NA,0.1069,MUT
7_G3,LEUK34,Plate 7 LEUK34,1818,7_G3,LEUK34,Plate 7 LEUK34,1818,716,0.0927,NA,NA,0.0927,MUT
7_G2,LEUK34,Plate 7 LEUK34,1812,7_G2,LEUK34,Plate 7 LEUK34,1812,562,0.1147,NA,NA,0.1147,MUT
7_F12,LEUK34,Plate 7 LEUK34,1873,7_F12,LEUK34,Plate 7 LEUK34,1873,1330,0.1023,NA,NA,0.1023,MUT
7_F11,LEUK34,Plate 7 LEUK34,1865,7_F11,LEUK34,Plate 7 LEUK34,1865,409,0.0842,NA,NA,0.0842,MUT
7_F8,LEUK34,Plate 7 LEUK34,1846,7_F8,LEUK34,Plate 7 LEUK34,1846,1091,0.1026,NA,NA,0.1026,MUT
7_F7,LEUK34,Plate 7 LEUK34,1838,7_F7,LEUK34,Plate 7 LEUK34,1838,1475,0.1047,NA,NA,0.1047,MUT
7_F5,LEUK34,Plate 7 LEUK34,1827,7_F5,LEUK34,Plate 7 LEUK34,1827,432,0.1075,NA,NA,0.1075,MUT
7_F4,LEUK34,Plate 7 LEUK34,1822,7_F4,LEUK34,Plate 7 LEUK34,1822,631,0.1115,NA,NA,0.1115,MUT
7_F3,LEUK34,Plate 7 LEUK34,1817,7_F3,LEUK34,Plate 7 LEUK34,1817,970,0.1232,NA,NA,0.1232,MUT
7_E12,LEUK34,Plate 7 LEUK34,1872,7_E12,LEUK34,Plate 7 LEUK34,1872,180,0.1236,NA,NA,0.1236,MUT
7_E11,LEUK34,Plate 7 LEUK34,1864,7_E11,LEUK34,Plate 7 LEUK34,1864,695,0.0785,NA,NA,0.0785,MUT
7_E9,LEUK34,Plate 7 LEUK34,1853,7_E9,LEUK34,Plate 7 LEUK34,1853,440,0.0596,NA,NA,0.0596,MUT
7_E8,LEUK34,Plate 7 LEUK34,1845,7_E8,LEUK34,Plate 7 LEUK34,1845,1856,0.1046,NA,NA,0.1046,MUT
7_E5,LEUK34,Plate 7 LEUK34,1826,7_E5,LEUK34,Plate 7 LEUK34,1826,1079,0.1026,NA,NA,0.1026,MUT
7_E2,LEUK34,Plate 7 LEUK34,1811,7_E2,LEUK34,Plate 7 LEUK34,1811,362,0.1006,NA,NA,0.1006,MUT
7_D12,LEUK34,Plate 7 LEUK34,1871,7_D12,LEUK34,Plate 7 LEUK34,1871,254,0.063,NA,NA,0.063,MUT
7_D11,LEUK34,Plate 7 LEUK34,1863,7_D11,LEUK34,Plate 7 LEUK34,1863,627,0.1054,NA,NA,0.1054,MUT
7_D10,LEUK34,Plate 7 LEUK34,1859,7_D10,LEUK34,Plate 7 LEUK34,1859,932,0.1006,NA,NA,0.1006,MUT
7_D9,LEUK34,Plate 7 LEUK34,1852,7_D9,LEUK34,Plate 7 LEUK34,1852,1029,0.0923,NA,NA,0.0923,MUT
7_D8,LEUK34,Plate 7 LEUK34,1844,7_D8,LEUK34,Plate 7 LEUK34,1844,296,0.102,NA,0.06,0.08099999999999999,MUT
7_D7,LEUK34,Plate 7 LEUK34,1837,7_D7,LEUK34,Plate 7 LEUK34,1837,3179,0.1053,NA,NA,0.1053,MUT
7_D5,LEUK34,Plate 7 LEUK34,1825,7_D5,LEUK34,Plate 7 LEUK34,1825,106,NA,NA,NA,0,WT
7_D4,LEUK34,Plate 7 LEUK34,1821,7_D4,LEUK34,Plate 7 LEUK34,1821,350,0.0988,NA,NA,0.0988,MUT
7_D3,LEUK34,Plate 7 LEUK34,1816,7_D3,LEUK34,Plate 7 LEUK34,1816,343,0.1111,NA,NA,0.1111,MUT
7_D2,LEUK34,Plate 7 LEUK34,1810,7_D2,LEUK34,Plate 7 LEUK34,1810,393,0.1071,NA,NA,0.1071,MUT
7_C12,LEUK34,Plate 7 LEUK34,1870,NA,NA,NA,NA,NA,NA,NA,NA,NA,NA
7_C10,LEUK34,Plate 7 LEUK34,1858,NA,NA,NA,NA,NA,NA,NA,NA,NA,NA
7_C9,LEUK34,Plate 7 LEUK34,1851,NA,NA,NA,NA,NA,NA,NA,NA,NA,NA
7_C8,LEUK34,Plate 7 LEUK34,1843,7_C8,LEUK34,Plate 7 LEUK34,1843,159,0.1154,NA,NA,0.1154,MUT
7_C7,LEUK34,Plate 7 LEUK34,1836,7_C7,LEUK34,Plate 7 LEUK34,1836,345,0.1047,NA,NA,0.1047,MUT
7_C6,LEUK34,Plate 7 LEUK34,1832,7_C6,LEUK34,Plate 7 LEUK34,1832,1460,0.0667,NA,NA,0.0667,MUT
7_C5,LEUK34,Plate 7 LEUK34,1824,7_C5,LEUK34,Plate 7 LEUK34,1824,396,0.0867,NA,NA,0.0867,MUT
7_C3,LEUK34,Plate 7 LEUK34,1815,7_C3,LEUK34,Plate 7 LEUK34,1815,62,NA,NA,NA,0,WT
7_B12,LEUK34,Plate 7 LEUK34,1869,7_B12,LEUK34,Plate 7 LEUK34,1869,1146,0.1019,NA,NA,0.1019,MUT
7_B11,LEUK34,Plate 7 LEUK34,1862,7_B11,LEUK34,Plate 7 LEUK34,1862,883,0.0982,NA,NA,0.0982,MUT
7_B10,LEUK34,Plate 7 LEUK34,1857,7_B10,LEUK34,Plate 7 LEUK34,1857,911,0.0852,NA,NA,0.0852,MUT
7_B9,LEUK34,Plate 7 LEUK34,1850,7_B9,LEUK34,Plate 7 LEUK34,1850,213,NA,NA,NA,0,WT
7_B8,LEUK34,Plate 7 LEUK34,1842,7_B8,LEUK34,Plate 7 LEUK34,1842,447,0.1126,NA,NA,0.1126,MUT
7_B6,LEUK34,Plate 7 LEUK34,1831,7_B6,LEUK34,Plate 7 LEUK34,1831,416,0.0918,NA,NA,0.0918,MUT
7_B4,LEUK34,Plate 7 LEUK34,1820,7_B4,LEUK34,Plate 7 LEUK34,1820,26,NA,NA,NA,0,WT
7_B2,LEUK34,Plate 7 LEUK34,1809,7_B2,LEUK34,Plate 7 LEUK34,1809,394,0.0761,NA,NA,0.0761,MUT
7_B1,LEUK34,Plate 7 LEUK34,1807,NA,NA,NA,NA,NA,NA,NA,NA,NA,NA
7_A12,LEUK34,Plate 7 LEUK34,1868,7_A12,LEUK34,Plate 7 LEUK34,1868,141,0.1143,NA,NA,0.1143,MUT
7_A11,LEUK34,Plate 7 LEUK34,1861,7_A11,LEUK34,Plate 7 LEUK34,1861,394,0.0867,NA,0.052287582,0.069493791,MUT
7_A10,LEUK34,Plate 7 LEUK34,1856,7_A10,LEUK34,Plate 7 LEUK34,1856,241,0.0917,NA,0.06097561,0.07633780500000001,MUT
7_A9,LEUK34,Plate 7 LEUK34,1849,7_A9,LEUK34,Plate 7 LEUK34,1849,134,NA,NA,NA,0,WT
7_A8,LEUK34,Plate 7 LEUK34,1841,7_A8,LEUK34,Plate 7 LEUK34,1841,230,0.0811,NA,NA,0.0811,MUT
7_A7,LEUK34,Plate 7 LEUK34,1835,7_A7,LEUK34,Plate 7 LEUK34,1835,171,0.119,NA,NA,0.119,MUT
7_A6,LEUK34,Plate 7 LEUK34,1830,7_A6,LEUK34,Plate 7 LEUK34,1830,168,0.1429,NA,NA,0.1429,MUT
7_A4,LEUK34,Plate 7 LEUK34,1819,7_A4,LEUK34,Plate 7 LEUK34,1819,90,NA,NA,NA,0,WT
7_A3,LEUK34,Plate 7 LEUK34,1814,7_A3,LEUK34,Plate 7 LEUK34,1814,18,NA,NA,NA,0,WT
7_A1,LEUK34,Plate 7 LEUK34,1806,7_A1,LEUK34,Plate 7 LEUK34,1806,108,0.1636,NA,NA,0.1636,MUT
8_H12,LEUK34,Plate 8 LEUK34,1805,8_H12,LEUK34,Plate 8 LEUK34,1805,754,0.1061,NA,NA,0.1061,MUT
8_H10,LEUK34,Plate 8 LEUK34,1791,8_H10,LEUK34,Plate 8 LEUK34,1791,19,NA,NA,NA,0,WT
8_H9,LEUK34,Plate 8 LEUK34,1786,NA,NA,NA,NA,NA,NA,NA,NA,NA,NA
8_H8,LEUK34,Plate 8 LEUK34,1779,NA,NA,NA,NA,NA,NA,NA,NA,NA,NA
8_H7,LEUK34,Plate 8 LEUK34,1773,NA,NA,NA,NA,NA,NA,NA,NA,NA,NA
8_H6,LEUK34,Plate 8 LEUK34,1767,8_H6,LEUK34,Plate 8 LEUK34,1767,26,NA,NA,NA,0,WT
8_H5,LEUK34,Plate 8 LEUK34,1761,8_H5,LEUK34,Plate 8 LEUK34,1761,610,0.066,NA,NA,0.066,MUT
8_H4,LEUK34,Plate 8 LEUK34,1756,8_H4,LEUK34,Plate 8 LEUK34,1756,141,0.1324,NA,0.052631579,0.0925157895,MUT
8_H1,LEUK34,Plate 8 LEUK34,1740,8_H1,LEUK34,Plate 8 LEUK34,1740,828,0.094,NA,NA,0.094,MUT
8_G11,LEUK34,Plate 8 LEUK34,1798,8_G11,LEUK34,Plate 8 LEUK34,1798,515,0.1216,NA,NA,0.1216,MUT
8_G10,LEUK34,Plate 8 LEUK34,1790,8_G10,LEUK34,Plate 8 LEUK34,1790,396,0.1371,NA,NA,0.1371,MUT
8_G9,LEUK34,Plate 8 LEUK34,1785,8_G9,LEUK34,Plate 8 LEUK34,1785,736,0.1093,NA,NA,0.1093,MUT
8_G8,LEUK34,Plate 8 LEUK34,1778,NA,NA,NA,NA,NA,NA,NA,NA,NA,NA
8_G6,LEUK34,Plate 8 LEUK34,1766,8_G6,LEUK34,Plate 8 LEUK34,1766,28,NA,NA,NA,0,WT
8_G5,LEUK34,Plate 8 LEUK34,1760,8_G5,LEUK34,Plate 8 LEUK34,1760,393,0.1421,NA,0.092857143,0.1174785715,MUT
8_G3,LEUK34,Plate 8 LEUK34,1752,8_G3,LEUK34,Plate 8 LEUK34,1752,330,0.097,NA,NA,0.097,MUT
8_G2,LEUK34,Plate 8 LEUK34,1746,8_G2,LEUK34,Plate 8 LEUK34,1746,317,0.1069,NA,NA,0.1069,MUT
8_F12,LEUK34,Plate 8 LEUK34,1804,NA,NA,NA,NA,NA,NA,NA,NA,NA,NA
8_F11,LEUK34,Plate 8 LEUK34,1797,8_F11,LEUK34,Plate 8 LEUK34,1797,532,0.1141,NA,NA,0.1141,MUT
8_F9,LEUK34,Plate 8 LEUK34,1784,8_F9,LEUK34,Plate 8 LEUK34,1784,388,0.0928,NA,NA,0.0928,MUT
8_F7,LEUK34,Plate 8 LEUK34,1772,8_F7,LEUK34,Plate 8 LEUK34,1772,210,0.1238,NA,0.098765432,0.111282716,MUT
8_F3,LEUK34,Plate 8 LEUK34,1751,8_F3,LEUK34,Plate 8 LEUK34,1751,239,0.1261,NA,0.078651685,0.1023758425,MUT
8_F2,LEUK34,Plate 8 LEUK34,1745,8_F2,LEUK34,Plate 8 LEUK34,1745,766,0.0942,NA,NA,0.0942,MUT
8_F1,LEUK34,Plate 8 LEUK34,1739,8_F1,LEUK34,Plate 8 LEUK34,1739,1065,0.0918,NA,NA,0.0918,MUT
8_E12,LEUK34,Plate 8 LEUK34,1803,8_E12,LEUK34,Plate 8 LEUK34,1803,675,0.1108,NA,NA,0.1108,MUT
8_E11,LEUK34,Plate 8 LEUK34,1796,8_E11,LEUK34,Plate 8 LEUK34,1796,842,0.1024,NA,NA,0.1024,MUT
8_E10,LEUK34,Plate 8 LEUK34,1789,8_E10,LEUK34,Plate 8 LEUK34,1789,343,0.1124,NA,NA,0.1124,MUT
8_E9,LEUK34,Plate 8 LEUK34,1783,8_E9,LEUK34,Plate 8 LEUK34,1783,285,0.1206,NA,0.076190476,0.098395238,MUT
8_E8,LEUK34,Plate 8 LEUK34,1777,8_E8,LEUK34,Plate 8 LEUK34,1777,1936,0.1229,NA,0.065885798,0.094392899,MUT
8_E7,LEUK34,Plate 8 LEUK34,1771,8_E7,LEUK34,Plate 8 LEUK34,1771,649,0.0828,NA,NA,0.0828,MUT
8_E6,LEUK34,Plate 8 LEUK34,1765,8_E6,LEUK34,Plate 8 LEUK34,1765,239,0.0932,NA,NA,0.0932,MUT
8_E5,LEUK34,Plate 8 LEUK34,1759,8_E5,LEUK34,Plate 8 LEUK34,1759,542,0.1338,NA,0.097826087,0.1158130435,MUT
8_E3,LEUK34,Plate 8 LEUK34,1750,NA,NA,NA,NA,NA,NA,NA,NA,NA,NA
8_E2,LEUK34,Plate 8 LEUK34,1744,8_E2,LEUK34,Plate 8 LEUK34,1744,112,0.2182,NA,0.139534884,0.178867442,MUT
8_E1,LEUK34,Plate 8 LEUK34,1738,NA,NA,NA,NA,NA,NA,NA,NA,NA,NA
8_D12,LEUK34,Plate 8 LEUK34,1802,8_D12,LEUK34,Plate 8 LEUK34,1802,74,NA,NA,NA,0,WT
8_D11,LEUK34,Plate 8 LEUK34,1795,8_D11,LEUK34,Plate 8 LEUK34,1795,342,0.1598,NA,0.092307692,0.126053846,MUT
8_D10,LEUK34,Plate 8 LEUK34,1788,8_D10,LEUK34,Plate 8 LEUK34,1788,627,0.135,NA,0.084745763,0.1098728815,MUT
8_D9,LEUK34,Plate 8 LEUK34,1782,NA,NA,NA,NA,NA,NA,NA,NA,NA,NA
8_D8,LEUK34,Plate 8 LEUK34,1776,NA,NA,NA,NA,NA,NA,NA,NA,NA,NA
8_D6,LEUK34,Plate 8 LEUK34,1764,8_D6,LEUK34,Plate 8 LEUK34,1764,307,0.12,NA,0.080357143,0.10017857150000001,MUT
8_D5,LEUK34,Plate 8 LEUK34,1758,8_D5,LEUK34,Plate 8 LEUK34,1758,470,0.1111,NA,NA,0.1111,MUT
8_D4,LEUK34,Plate 8 LEUK34,1755,NA,NA,NA,NA,NA,NA,NA,NA,NA,NA
8_D3,LEUK34,Plate 8 LEUK34,1749,8_D3,LEUK34,Plate 8 LEUK34,1749,381,0.1005,NA,NA,0.1005,MUT
8_D2,LEUK34,Plate 8 LEUK34,1743,8_D2,LEUK34,Plate 8 LEUK34,1743,872,0.1103,NA,0.075409836,0.092854918,MUT
8_C12,LEUK34,Plate 8 LEUK34,1801,NA,NA,NA,NA,NA,NA,NA,NA,NA,NA
8_C11,LEUK34,Plate 8 LEUK34,1794,8_C11,LEUK34,Plate 8 LEUK34,1794,91,0.1778,NA,NA,0.1778,MUT
8_C9,LEUK34,Plate 8 LEUK34,1781,8_C9,LEUK34,Plate 8 LEUK34,1781,830,0.1141,NA,NA,0.1141,MUT
8_C7,LEUK34,Plate 8 LEUK34,1770,8_C7,LEUK34,Plate 8 LEUK34,1770,439,0.1005,NA,NA,0.1005,MUT
8_C6,LEUK34,Plate 8 LEUK34,1763,8_C6,LEUK34,Plate 8 LEUK34,1763,455,0.1189,NA,0.079545455,0.0992227275,MUT
8_C5,LEUK34,Plate 8 LEUK34,1757,8_C5,LEUK34,Plate 8 LEUK34,1757,156,NA,NA,0.068965517,0.068965517,MUT
8_C4,LEUK34,Plate 8 LEUK34,1754,8_C4,LEUK34,Plate 8 LEUK34,1754,860,0.1101,NA,0.063897764,0.086998882,MUT
8_C3,LEUK34,Plate 8 LEUK34,1748,8_C3,LEUK34,Plate 8 LEUK34,1748,489,0.0996,NA,NA,0.0996,MUT
8_C2,LEUK34,Plate 8 LEUK34,1742,8_C2,LEUK34,Plate 8 LEUK34,1742,489,0.0992,NA,NA,0.0992,MUT
8_B12,LEUK34,Plate 8 LEUK34,1800,8_B12,LEUK34,Plate 8 LEUK34,1800,428,0.0943,NA,NA,0.0943,MUT
8_B11,LEUK34,Plate 8 LEUK34,1793,8_B11,LEUK34,Plate 8 LEUK34,1793,480,0.1046,NA,NA,0.1046,MUT
8_B9,LEUK34,Plate 8 LEUK34,1780,8_B9,LEUK34,Plate 8 LEUK34,1780,36,NA,NA,NA,0,WT
8_B8,LEUK34,Plate 8 LEUK34,1775,8_B8,LEUK34,Plate 8 LEUK34,1775,669,0.0823,NA,NA,0.0823,MUT
8_B7,LEUK34,Plate 8 LEUK34,1769,8_B7,LEUK34,Plate 8 LEUK34,1769,320,0.0789,NA,NA,0.0789,MUT
8_B6,LEUK34,Plate 8 LEUK34,1762,8_B6,LEUK34,Plate 8 LEUK34,1762,478,0.1513,NA,0.071428571,0.1113642855,MUT
8_B4,LEUK34,Plate 8 LEUK34,1753,8_B4,LEUK34,Plate 8 LEUK34,1753,808,0.08,NA,NA,0.08,MUT
8_B2,LEUK34,Plate 8 LEUK34,1741,8_B2,LEUK34,Plate 8 LEUK34,1741,476,0.1121,NA,NA,0.1121,MUT
8_B1,LEUK34,Plate 8 LEUK34,1737,8_B1,LEUK34,Plate 8 LEUK34,1737,383,0.0914,NA,NA,0.0914,MUT
8_A12,LEUK34,Plate 8 LEUK34,1799,8_A12,LEUK34,Plate 8 LEUK34,1799,62,NA,NA,NA,0,WT
8_A11,LEUK34,Plate 8 LEUK34,1792,8_A11,LEUK34,Plate 8 LEUK34,1792,950,0.0621,NA,NA,0.0621,MUT
8_A10,LEUK34,Plate 8 LEUK34,1787,8_A10,LEUK34,Plate 8 LEUK34,1787,325,0.1118,NA,NA,0.1118,MUT
8_A8,LEUK34,Plate 8 LEUK34,1774,8_A8,LEUK34,Plate 8 LEUK34,1774,752,0.1064,NA,NA,0.1064,MUT
8_A7,LEUK34,Plate 8 LEUK34,1768,8_A7,LEUK34,Plate 8 LEUK34,1768,538,0.1049,NA,NA,0.1049,MUT
8_A3,LEUK34,Plate 8 LEUK34,1747,8_A3,LEUK34,Plate 8 LEUK34,1747,684,0.1036,NA,NA,0.1036,MUT
8_A1,LEUK34,Plate 8 LEUK34,1736,NA,NA,NA,NA,NA,NA,NA,NA,NA,NA
9_F12,LEUK34,Plate 9 LEUK34,906,NA,NA,NA,NA,NA,NA,NA,NA,NA,NA
9_F11,LEUK34,Plate 9 LEUK34,901,9_F11,LEUK34,Plate 9 LEUK34,901,3982,NA,NA,NA,0,WT
9_F10,LEUK34,Plate 9 LEUK34,896,9_F10,LEUK34,Plate 9 LEUK34,896,2343,NA,NA,NA,0,WT
9_F8,LEUK34,Plate 9 LEUK34,887,9_F8,LEUK34,Plate 9 LEUK34,887,7617,NA,NA,NA,0,WT
9_A1,LEUK34,Plate 9 LEUK34,855,9_A1,LEUK34,Plate 9 LEUK34,855,436,NA,NA,NA,0,WT
9_E12,LEUK34,Plate 9 LEUK34,905,9_E12,LEUK34,Plate 9 LEUK34,905,16,NA,NA,NA,0,WT
9_E11,LEUK34,Plate 9 LEUK34,900,NA,NA,NA,NA,NA,NA,NA,NA,NA,NA
9_E10,LEUK34,Plate 9 LEUK34,895,9_E10,LEUK34,Plate 9 LEUK34,895,2702,NA,NA,NA,0,WT
9_E9,LEUK34,Plate 9 LEUK34,892,9_E9,LEUK34,Plate 9 LEUK34,892,6884,NA,NA,NA,0,WT
9_E8,LEUK34,Plate 9 LEUK34,886,9_E8,LEUK34,Plate 9 LEUK34,886,40,NA,NA,NA,0,WT
9_E7,LEUK34,Plate 9 LEUK34,882,9_E7,LEUK34,Plate 9 LEUK34,882,16,NA,NA,NA,0,WT
9_E6,LEUK34,Plate 9 LEUK34,878,9_E6,LEUK34,Plate 9 LEUK34,878,2117,NA,NA,NA,0,WT
9_E5,LEUK34,Plate 9 LEUK34,874,9_E5,LEUK34,Plate 9 LEUK34,874,5387,NA,NA,NA,0,WT
9_E4,LEUK34,Plate 9 LEUK34,869,9_E4,LEUK34,Plate 9 LEUK34,869,5874,NA,NA,NA,0,WT
9_E3,LEUK34,Plate 9 LEUK34,865,9_E3,LEUK34,Plate 9 LEUK34,865,2364,NA,NA,NA,0,WT
9_E2,LEUK34,Plate 9 LEUK34,860,9_E2,LEUK34,Plate 9 LEUK34,860,3203,NA,NA,NA,0,WT
9_E1,LEUK34,Plate 9 LEUK34,857,9_E1,LEUK34,Plate 9 LEUK34,857,2799,NA,NA,NA,0,WT
9_D12,LEUK34,Plate 9 LEUK34,904,9_D12,LEUK34,Plate 9 LEUK34,904,2557,NA,NA,NA,0,WT
9_D11,LEUK34,Plate 9 LEUK34,899,9_D11,LEUK34,Plate 9 LEUK34,899,1032,NA,NA,NA,0,WT
9_D9,LEUK34,Plate 9 LEUK34,891,NA,NA,NA,NA,NA,NA,NA,NA,NA,NA
9_D8,LEUK34,Plate 9 LEUK34,885,9_D8,LEUK34,Plate 9 LEUK34,885,369,NA,NA,NA,0,WT
9_D7,LEUK34,Plate 9 LEUK34,881,9_D7,LEUK34,Plate 9 LEUK34,881,752,NA,NA,NA,0,WT
9_D5,LEUK34,Plate 9 LEUK34,873,9_D5,LEUK34,Plate 9 LEUK34,873,4861,NA,NA,NA,0,WT
9_D4,LEUK34,Plate 9 LEUK34,868,9_D4,LEUK34,Plate 9 LEUK34,868,7292,NA,NA,NA,0,WT
9_D3,LEUK34,Plate 9 LEUK34,864,9_D3,LEUK34,Plate 9 LEUK34,864,1408,NA,NA,NA,0,WT
9_C11,LEUK34,Plate 9 LEUK34,898,9_C11,LEUK34,Plate 9 LEUK34,898,142,NA,NA,NA,0,WT
9_C9,LEUK34,Plate 9 LEUK34,890,9_C9,LEUK34,Plate 9 LEUK34,890,3430,NA,NA,NA,0,WT
9_C8,LEUK34,Plate 9 LEUK34,884,9_C8,LEUK34,Plate 9 LEUK34,884,6690,NA,NA,NA,0,WT
9_C7,LEUK34,Plate 9 LEUK34,880,9_C7,LEUK34,Plate 9 LEUK34,880,5610,NA,NA,NA,0,WT
9_C6,LEUK34,Plate 9 LEUK34,877,9_C6,LEUK34,Plate 9 LEUK34,877,321,NA,NA,NA,0,WT
9_C5,LEUK34,Plate 9 LEUK34,872,9_C5,LEUK34,Plate 9 LEUK34,872,980,NA,NA,NA,0,WT
9_C3,LEUK34,Plate 9 LEUK34,863,9_C3,LEUK34,Plate 9 LEUK34,863,1552,NA,NA,NA,0,WT
9_B12,LEUK34,Plate 9 LEUK34,903,9_B12,LEUK34,Plate 9 LEUK34,903,2815,NA,NA,NA,0,WT
9_B10,LEUK34,Plate 9 LEUK34,894,9_B10,LEUK34,Plate 9 LEUK34,894,7684,NA,NA,NA,0,WT
9_B9,LEUK34,Plate 9 LEUK34,889,9_B9,LEUK34,Plate 9 LEUK34,889,6959,NA,NA,NA,0,WT
9_B8,LEUK34,Plate 9 LEUK34,883,9_B8,LEUK34,Plate 9 LEUK34,883,6387,NA,NA,NA,0,WT
9_B6,LEUK34,Plate 9 LEUK34,876,9_B6,LEUK34,Plate 9 LEUK34,876,7759,NA,NA,NA,0,WT
9_B5,LEUK34,Plate 9 LEUK34,871,9_B5,LEUK34,Plate 9 LEUK34,871,108,NA,NA,NA,0,WT
9_B4,LEUK34,Plate 9 LEUK34,867,9_B4,LEUK34,Plate 9 LEUK34,867,4054,NA,NA,NA,0,WT
9_B3,LEUK34,Plate 9 LEUK34,862,NA,NA,NA,NA,NA,NA,NA,NA,NA,NA
9_B2,LEUK34,Plate 9 LEUK34,859,9_B2,LEUK34,Plate 9 LEUK34,859,93,NA,NA,NA,0,WT
9_B1,LEUK34,Plate 9 LEUK34,856,9_B1,LEUK34,Plate 9 LEUK34,856,1203,NA,NA,NA,0,WT
9_A12,LEUK34,Plate 9 LEUK34,902,9_A12,LEUK34,Plate 9 LEUK34,902,3324,NA,NA,NA,0,WT
9_A11,LEUK34,Plate 9 LEUK34,897,9_A11,LEUK34,Plate 9 LEUK34,897,986,NA,NA,NA,0,WT
9_A10,LEUK34,Plate 9 LEUK34,893,9_A10,LEUK34,Plate 9 LEUK34,893,2246,NA,NA,NA,0,WT
9_A9,LEUK34,Plate 9 LEUK34,888,9_A9,LEUK34,Plate 9 LEUK34,888,818,NA,NA,NA,0,WT
9_A7,LEUK34,Plate 9 LEUK34,879,9_A7,LEUK34,Plate 9 LEUK34,879,1475,NA,NA,NA,0,WT
9_A6,LEUK34,Plate 9 LEUK34,875,9_A6,LEUK34,Plate 9 LEUK34,875,1108,NA,NA,NA,0,WT
9_A5,LEUK34,Plate 9 LEUK34,870,9_A5,LEUK34,Plate 9 LEUK34,870,553,NA,NA,NA,0,WT
9_A4,LEUK34,Plate 9 LEUK34,866,9_A4,LEUK34,Plate 9 LEUK34,866,6933,NA,NA,NA,0,WT
9_A3,LEUK34,Plate 9 LEUK34,861,9_A3,LEUK34,Plate 9 LEUK34,861,710,NA,NA,NA,0,WT
9_A2,LEUK34,Plate 9 LEUK34,858,9_A2,LEUK34,Plate 9 LEUK34,858,1544,NA,NA,NA,0,WT
9_A1,LEUK34,Plate 9 LEUK34,854,9_A1,LEUK34,Plate 9 LEUK34,854,189,NA,NA,NA,0,WT
