sample_name,2:25456900-25457400,Sample_id,VAF.varscan,VAF.mutect,VAF.platypus
6,0,Sample6,NA,NA,NA
776,948,Sample776,NA,NA,NA
624,86,Sample624,NA,NA,NA
507,3864,Sample507,NA,NA,NA
960,2,Sample960,NA,NA,NA
174,4,Sample174,NA,NA,NA
348,491,Sample348,0.0905,NA,NA
779,665,Sample779,NA,NA,NA
172,2,Sample172,NA,NA,NA
501,3765,Sample501,NA,NA,NA
868,7292,Sample868,NA,NA,NA
645,2036,Sample645,NA,NA,NA
812,1104,Sample812,NA,NA,NA
13,2,Sample13,NA,NA,NA
221,1,Sample221,NA,NA,NA
392,1731,Sample392,NA,NA,NA
513,2096,Sample513,NA,NA,NA
934,12454,Sample934,NA,NA,NA
347,1557,Sample347,0.9716,0.974,0.942446043
635,10234,Sample635,NA,NA,NA
438,3822,Sample438,NA,NA,NA
152,2,Sample152,NA,NA,NA
321,8,Sample321,NA,NA,NA
848,454,Sample848,NA,NA,NA
76,0,Sample76,NA,NA,NA
763,0,Sample763,NA,NA,NA
458,602,Sample458,NA,NA,NA
908,6297,Sample908,NA,NA,NA
699,0,Sample699,NA,NA,NA
42,0,Sample42,NA,NA,NA
114,63,Sample114,NA,NA,NA
405,4227,Sample405,NA,NA,NA
671,86,Sample671,NA,NA,NA
285,2,Sample285,NA,1,NA
132,3,Sample132,NA,1,NA
486,2153,Sample486,NA,NA,NA
34,0,Sample34,NA,NA,NA
121,22,Sample121,NA,0.286,NA
475,763,Sample475,NA,NA,NA
667,873,Sample667,NA,NA,NA
164,0,Sample164,NA,NA,NA
514,17,Sample514,NA,NA,NA
596,6385,Sample596,NA,NA,NA
696,0,Sample696,NA,NA,NA
248,227,Sample248,0.3596,0.147,0.364864865
310,118,Sample310,0.661,0.139,0.586206897
130,2,Sample130,NA,NA,NA
893,2246,Sample893,NA,NA,NA
896,2343,Sample896,NA,NA,NA
619,1877,Sample619,0.4984,0.495,0.495951417
456,3458,Sample456,NA,NA,NA
432,1966,Sample432,NA,NA,NA
949,113,Sample949,NA,NA,NA
230,860,Sample230,0.2204,0.233,NA
328,1095,Sample328,0.0182,NA,NA
57,0,Sample57,NA,NA,NA
274,12,Sample274,NA,NA,0.428571429
491,314,Sample491,NA,NA,NA
398,3412,Sample398,NA,NA,NA
295,142,Sample295,0.9722,0.969,1
814,2472,Sample814,NA,NA,NA
857,2799,Sample857,NA,NA,NA
109,64,Sample109,NA,1,1
503,1925,Sample503,NA,NA,NA
613,1199,Sample613,NA,NA,NA
399,416,Sample399,NA,NA,NA
119,6,Sample119,NA,NA,NA
565,3504,Sample565,NA,NA,NA
408,1246,Sample408,NA,NA,NA
477,2201,Sample477,NA,NA,NA
926,8480,Sample926,NA,NA,NA
270,276,Sample270,0.9496,0.967,0.945205479
390,3291,Sample390,NA,NA,NA
586,1698,Sample586,NA,NA,NA
946,2346,Sample946,NA,NA,NA
738,0,Sample738,NA,NA,NA
188,0,Sample188,NA,NA,NA
618,166,Sample618,NA,NA,NA
547,1821,Sample547,NA,NA,NA
73,0,Sample73,NA,NA,NA
625,53,Sample625,NA,NA,NA
954,11595,Sample954,NA,NA,NA
794,4456,Sample794,NA,NA,NA
247,1922,Sample247,0.6653,0.654,0.652877698
476,5635,Sample476,NA,NA,NA
65,0,Sample65,NA,NA,NA
724,0,Sample724,NA,NA,NA
528,80,Sample528,NA,NA,NA
86,0,Sample86,NA,NA,NA
208,1391,Sample208,0.3764,0.053,0.349570201
27,0,Sample27,NA,NA,NA
26,1,Sample26,NA,NA,NA
87,4236,Sample87,NA,NA,NA
716,0,Sample716,NA,NA,NA
217,1167,Sample217,NA,1,0.986111111
173,0,Sample173,NA,NA,NA
150,0,Sample150,NA,NA,NA
805,1515,Sample805,NA,NA,NA
753,0,Sample753,NA,NA,NA
51,313,Sample51,NA,NA,NA
633,529,Sample633,NA,NA,NA
102,0,Sample102,NA,NA,NA
141,11,Sample141,NA,1,1
641,745,Sample641,NA,NA,NA
153,0,Sample153,NA,NA,NA
533,4528,Sample533,NA,NA,NA
448,37,Sample448,NA,NA,NA
769,2337,Sample769,NA,NA,NA
531,284,Sample531,NA,NA,NA
655,465,Sample655,0.5,0.505,0.45890411
46,0,Sample46,NA,NA,NA
302,6,Sample302,NA,0.667,NA
255,0,Sample255,NA,NA,NA
151,0,Sample151,NA,NA,NA
517,2461,Sample517,NA,NA,NA
21,0,Sample21,NA,NA,NA
235,683,Sample235,0.5853,0.576,0.55952381
106,4873,Sample106,NA,1,0.989713446
647,2208,Sample647,NA,NA,NA
104,47,Sample104,0.9091,0.429,1
697,0,Sample697,NA,NA,NA
466,3358,Sample466,NA,NA,NA
899,1032,Sample899,NA,NA,NA
611,3346,Sample611,NA,NA,NA
468,3039,Sample468,NA,NA,NA
180,0,Sample180,NA,NA,NA
506,2404,Sample506,NA,NA,NA
140,3338,Sample140,0.9952,0.996,0.983713355
60,0,Sample60,NA,NA,NA
634,1968,Sample634,NA,NA,NA
651,2310,Sample651,NA,NA,NA
291,306,Sample291,NA,NA,NA
497,2573,Sample497,NA,NA,NA
89,0,Sample89,NA,NA,NA
148,1,Sample148,NA,NA,NA
918,7190,Sample918,NA,NA,NA
283,457,Sample283,0.2838,0.296,NA
733,2,Sample733,NA,NA,NA
45,4,Sample45,NA,NA,NA
287,2739,Sample287,0.7418,0.743,0.731972789
474,2780,Sample474,NA,NA,NA
249,2174,Sample249,NA,1,0.988391376
79,0,Sample79,NA,NA,NA
659,2426,Sample659,NA,NA,NA
728,0,Sample728,NA,NA,NA
864,1408,Sample864,NA,NA,NA
767,0,Sample767,NA,NA,NA
666,2038,Sample666,NA,NA,NA
418,224,Sample418,NA,NA,NA
676,0,Sample676,NA,NA,NA
18,0,Sample18,NA,NA,NA
914,5225,Sample914,NA,NA,NA
428,4,Sample428,NA,NA,NA
268,1561,Sample268,0.793,0.766,0.75
292,3069,Sample292,0.535,0.538,0.534942821
25,2,Sample25,NA,NA,NA
520,1817,Sample520,NA,NA,NA
276,0,Sample276,NA,NA,NA
19,663,Sample19,NA,NA,NA
504,1620,Sample504,NA,NA,NA
591,741,Sample591,NA,NA,NA
897,986,Sample897,NA,NA,NA
170,0,Sample170,NA,NA,NA
809,2798,Sample809,NA,NA,NA
154,145,Sample154,0.9722,0.984,0.976744186
573,2176,Sample573,NA,NA,NA
539,64,Sample539,NA,NA,NA
952,4517,Sample952,NA,NA,NA
383,4,Sample383,NA,1,NA
422,572,Sample422,NA,NA,NA
462,2845,Sample462,NA,NA,NA
232,982,Sample232,0.655,0.663,0.660305344
417,2680,Sample417,NA,NA,NA
817,2550,Sample817,NA,NA,NA
607,2468,Sample607,NA,NA,NA
158,472,Sample158,0.2034,NA,NA
723,0,Sample723,NA,NA,NA
226,222,Sample226,0.7455,0.744,0.638297872
53,0,Sample53,NA,NA,NA
157,2,Sample157,NA,NA,NA
793,1954,Sample793,NA,NA,NA
71,2,Sample71,NA,NA,NA
407,2332,Sample407,NA,NA,NA
67,6,Sample67,NA,NA,NA
453,126,Sample453,NA,NA,NA
735,0,Sample735,NA,NA,NA
97,0,Sample97,NA,NA,NA
364,3501,Sample364,0.4245,0.408,0.426540284
792,3574,Sample792,NA,NA,NA
419,2089,Sample419,NA,NA,NA
290,343,Sample290,0.2384,0.043,NA
423,2156,Sample423,NA,NA,NA
684,0,Sample684,NA,NA,NA
590,4144,Sample590,NA,NA,NA
388,2223,Sample388,NA,NA,NA
637,172,Sample637,NA,NA,NA
841,594,Sample841,NA,NA,NA
495,82,Sample495,NA,NA,NA
862,6,Sample862,NA,NA,NA
252,3176,Sample252,0.4379,0.427,0.431151242
256,196,Sample256,0.4898,0.091,0.445945946
227,313,Sample227,0.4167,0.057,0.306122449
93,0,Sample93,NA,NA,NA
541,2830,Sample541,NA,NA,NA
875,1108,Sample875,NA,NA,NA
957,4,Sample957,NA,NA,NA
421,3805,Sample421,NA,NA,NA
450,8757,Sample450,NA,NA,NA
837,615,Sample837,NA,NA,NA
452,0,Sample452,NA,NA,NA
445,2952,Sample445,NA,NA,NA
672,2587,Sample672,NA,NA,NA
675,0,Sample675,NA,NA,NA
224,3040,Sample224,0.9047,0.906,0.882205514
706,0,Sample706,NA,NA,NA
584,3263,Sample584,NA,0.00369,NA
598,857,Sample598,NA,NA,NA
822,2697,Sample822,NA,NA,NA
436,2492,Sample436,NA,NA,NA
867,4054,Sample867,NA,NA,NA
884,6690,Sample884,NA,NA,NA
821,377,Sample821,NA,NA,NA
895,2702,Sample895,NA,NA,NA
944,439,Sample944,NA,NA,NA
500,3760,Sample500,NA,NA,NA
110,2,Sample110,NA,NA,NA
263,207,Sample263,0.4038,NA,0.345454545
516,342,Sample516,NA,NA,NA
355,6312,Sample355,0.9681,0.975,0.962359551
877,321,Sample877,NA,NA,NA
649,44,Sample649,NA,NA,NA
798,3015,Sample798,NA,NA,NA
124,477,Sample124,NA,NA,NA
479,2315,Sample479,NA,NA,NA
758,0,Sample758,NA,NA,NA
690,0,Sample690,NA,NA,NA
685,0,Sample685,NA,NA,NA
199,1389,Sample199,NA,1,0.983651226
869,5874,Sample869,NA,NA,NA
238,4,Sample238,NA,1,NA
37,7131,Sample37,NA,NA,NA
354,442,Sample354,0.5182,0.223,0.5234375
498,4842,Sample498,NA,NA,NA
117,276,Sample117,NA,1,0.987012987
861,710,Sample861,NA,NA,NA
713,0,Sample713,NA,NA,NA
393,80,Sample393,NA,NA,NA
662,412,Sample662,NA,NA,NA
636,223,Sample636,NA,NA,NA
480,3678,Sample480,NA,NA,NA
325,1412,Sample325,0.0709,NA,NA
8,0,Sample8,NA,NA,NA
105,0,Sample105,NA,NA,NA
540,237,Sample540,NA,NA,NA
815,2602,Sample815,NA,NA,NA
469,2555,Sample469,NA,NA,NA
601,3900,Sample601,NA,NA,NA
568,3185,Sample568,NA,NA,NA
396,1624,Sample396,NA,NA,NA
509,3689,Sample509,0.5204,0.503,0.511991658
732,0,Sample732,NA,NA,NA
522,2,Sample522,NA,NA,NA
557,1392,Sample557,NA,NA,NA
904,2557,Sample904,NA,NA,NA
464,2113,Sample464,NA,NA,NA
187,18,Sample187,1,1,1
434,775,Sample434,NA,NA,NA
1,0,Sample1,NA,NA,NA
720,0,Sample720,NA,NA,NA
242,1024,Sample242,0.6627,0.656,0.612244898
431,2566,Sample431,NA,NA,NA
220,4,Sample220,NA,NA,NA
602,1951,Sample602,NA,NA,NA
323,232,Sample323,0.9558,0.96,0.942857143
576,3211,Sample576,NA,NA,NA
700,20,Sample700,NA,NA,NA
5,1,Sample5,NA,NA,NA
543,72,Sample543,NA,NA,NA
488,7127,Sample488,NA,NA,NA
629,46,Sample629,NA,NA,NA
229,273,Sample229,0.3534,NA,0.369863014
827,6444,Sample827,NA,NA,NA
338,1231,Sample338,0.882,0.87,0.876666667
774,1892,Sample774,NA,NA,NA
642,704,Sample642,NA,NA,NA
648,732,Sample648,0.5069,0.144,0.572164948
167,0,Sample167,NA,NA,NA
712,0,Sample712,NA,NA,NA
581,1267,Sample581,NA,NA,NA
782,2470,Sample782,NA,NA,NA
686,2683,Sample686,NA,NA,NA
561,3050,Sample561,NA,NA,NA
211,6,Sample211,NA,NA,NA
331,142,Sample331,0.2394,NA,NA
404,1501,Sample404,NA,NA,NA
939,7478,Sample939,NA,NA,NA
577,3261,Sample577,NA,NA,NA
95,2,Sample95,NA,NA,NA
826,814,Sample826,NA,NA,NA
536,58,Sample536,NA,NA,NA
842,214,Sample842,NA,NA,NA
17,0,Sample17,NA,NA,NA
664,2641,Sample664,NA,NA,NA
643,130,Sample643,NA,NA,NA
901,3982,Sample901,NA,NA,NA
851,863,Sample851,NA,NA,NA
32,0,Sample32,NA,NA,NA
103,1,Sample103,NA,NA,NA
413,3518,Sample413,NA,NA,NA
566,3285,Sample566,NA,NA,NA
288,1086,Sample288,0.6415,0.655,0.597785978
945,196,Sample945,NA,NA,NA
913,6657,Sample913,NA,NA,NA
552,4702,Sample552,NA,NA,NA
911,7455,Sample911,NA,NA,NA
346,24,Sample346,NA,NA,NA
796,166,Sample796,NA,NA,NA
606,2272,Sample606,NA,NA,NA
259,2478,Sample259,0.9578,0.967,0.965083799
752,0,Sample752,NA,NA,NA
627,261,Sample627,NA,NA,NA
742,0,Sample742,NA,NA,NA
78,0,Sample78,NA,NA,NA
847,22,Sample847,NA,NA,NA
2,18,Sample2,NA,NA,NA
99,7,Sample99,NA,1,NA
90,0,Sample90,NA,NA,NA
755,0,Sample755,NA,NA,NA
691,0,Sample691,NA,NA,NA
622,855,Sample622,NA,NA,NA
656,564,Sample656,NA,NA,NA
98,23,Sample98,NA,NA,NA
39,0,Sample39,NA,NA,NA
740,0,Sample740,NA,NA,NA
333,86,Sample333,0.7442,NA,0.7
894,7684,Sample894,NA,NA,NA
378,845,Sample378,0.6596,0.66,0.63559322
786,1504,Sample786,NA,NA,NA
218,857,Sample218,0.5962,0.59,0.607758621
595,1319,Sample595,NA,NA,NA
956,1,Sample956,NA,NA,NA
349,0,Sample349,NA,NA,NA
680,0,Sample680,NA,NA,NA
604,4562,Sample604,NA,NA,NA
161,1,Sample161,NA,NA,NA
340,2208,Sample340,0.4155,0.405,0.416129032
367,22,Sample367,NA,NA,NA
597,219,Sample597,NA,NA,NA
136,0,Sample136,NA,NA,NA
885,369,Sample885,NA,NA,NA
137,3,Sample137,NA,NA,NA
871,108,Sample871,NA,NA,NA
834,1189,Sample834,NA,NA,NA
550,2914,Sample550,NA,NA,NA
430,1530,Sample430,NA,NA,NA
855,436,Sample855,NA,NA,NA
470,467,Sample470,NA,NA,NA
639,4713,Sample639,0.4747,0.47,0.471958585
193,4356,Sample193,0.4571,0.477,0.428057554
320,1886,Sample320,0.067,NA,NA
783,4738,Sample783,NA,NA,NA
948,4510,Sample948,NA,NA,NA
47,0,Sample47,NA,NA,NA
485,1775,Sample485,NA,NA,NA
178,1,Sample178,NA,NA,NA
807,614,Sample807,NA,NA,NA
650,745,Sample650,0.6166,0.586,0.572164948
658,1937,Sample658,NA,NA,NA
499,929,Sample499,NA,NA,NA
59,2,Sample59,NA,NA,NA
806,4332,Sample806,NA,NA,NA
382,1,Sample382,NA,NA,NA
315,1141,Sample315,0.3862,0.381,0.387417219
549,1024,Sample549,NA,NA,NA
951,5392,Sample951,NA,NA,NA
725,0,Sample725,NA,NA,NA
425,2093,Sample425,NA,NA,NA
127,0,Sample127,NA,NA,NA
439,2828,Sample439,NA,NA,NA
947,543,Sample947,NA,NA,NA
264,219,Sample264,0.8899,NA,0.884057971
791,3196,Sample791,NA,NA,NA
75,3214,Sample75,NA,NA,NA
574,1990,Sample574,NA,NA,NA
608,2070,Sample608,NA,NA,NA
670,26,Sample670,0.5,NA,NA
33,0,Sample33,NA,NA,NA
943,0,Sample943,NA,NA,NA
737,0,Sample737,NA,NA,NA
751,0,Sample751,NA,NA,NA
825,2049,Sample825,NA,NA,NA
493,3646,Sample493,NA,NA,NA
526,150,Sample526,NA,NA,NA
266,5438,Sample266,0.295,0.31,0.316976127
365,269,Sample365,0.7218,0.737,0.705882353
525,67,Sample525,NA,NA,NA
374,584,Sample374,NA,1,0.987179487
764,0,Sample764,NA,NA,NA
907,3373,Sample907,NA,NA,NA
62,0,Sample62,NA,NA,NA
195,273,Sample195,0.4044,0.415,0.425531915
135,0,Sample135,NA,NA,NA
698,0,Sample698,NA,NA,NA
41,0,Sample41,NA,NA,NA
163,0,Sample163,NA,NA,NA
892,6884,Sample892,NA,NA,NA
811,2208,Sample811,NA,NA,NA
623,2007,Sample623,NA,NA,NA
318,189,Sample318,0.8316,0.839,0.722222222
545,601,Sample545,NA,NA,NA
381,20,Sample381,0.7,0.7,NA
693,26,Sample693,NA,NA,NA
797,1701,Sample797,NA,NA,NA
762,0,Sample762,NA,NA,NA
789,522,Sample789,NA,NA,NA
461,3331,Sample461,NA,NA,NA
919,10737,Sample919,NA,NA,NA
711,0,Sample711,NA,NA,NA
219,94,Sample219,NA,1,0.944444444
594,3178,Sample594,NA,NA,NA
626,177,Sample626,NA,NA,NA
313,616,Sample313,0.9867,0.996,0.98245614
863,1552,Sample863,NA,NA,NA
950,1999,Sample950,NA,NA,NA
912,5566,Sample912,NA,NA,NA
554,5668,Sample554,NA,NA,NA
184,0,Sample184,NA,NA,NA
175,0,Sample175,NA,NA,NA
935,568,Sample935,NA,NA,NA
300,830,Sample300,0.2446,0.235,0.292792793
692,2,Sample692,NA,NA,NA
253,7407,Sample253,0.8302,0.832,0.820848612
341,0,Sample341,NA,NA,NA
736,0,Sample736,NA,NA,NA
145,0,Sample145,NA,NA,NA
198,583,Sample198,0.4152,0.412,0.369863014
744,0,Sample744,NA,NA,NA
189,14,Sample189,NA,NA,NA
929,4334,Sample929,NA,NA,NA
406,1748,Sample406,NA,NA,NA
771,1158,Sample771,NA,NA,NA
125,0,Sample125,NA,NA,NA
881,752,Sample881,NA,NA,NA
852,986,Sample852,NA,NA,NA
9,6,Sample9,NA,NA,NA
246,1814,Sample246,0.5022,0.508,0.461693548
518,1524,Sample518,NA,NA,NA
710,0,Sample710,NA,NA,NA
556,5054,Sample556,NA,NA,NA
953,121,Sample953,0.4426,0.446,0.37037037
924,2,Sample924,NA,NA,NA
588,1357,Sample588,NA,NA,NA
116,0,Sample116,NA,NA,NA
878,2117,Sample878,NA,NA,NA
478,2501,Sample478,NA,NA,NA
449,1403,Sample449,NA,NA,NA
766,0,Sample766,NA,NA,NA
401,360,Sample401,NA,NA,NA
223,4162,Sample223,0.732,0.729,0.705673759
58,0,Sample58,NA,NA,NA
361,1247,Sample361,0.5527,0.547,0.534375
463,1006,Sample463,NA,NA,NA
922,3247,Sample922,NA,NA,NA
11,0,Sample11,NA,NA,NA
324,148,Sample324,NA,NA,NA
747,0,Sample747,NA,NA,NA
921,1905,Sample921,NA,NA,NA
56,1,Sample56,NA,NA,NA
717,2,Sample717,NA,NA,NA
665,307,Sample665,NA,NA,NA
702,0,Sample702,NA,NA,NA
10,0,Sample10,NA,NA,NA
560,288,Sample560,NA,NA,NA
50,2211,Sample50,NA,NA,NA
511,5585,Sample511,NA,NA,NA
113,1,Sample113,NA,NA,NA
143,0,Sample143,NA,NA,NA
617,67,Sample617,NA,NA,NA
858,1544,Sample858,NA,NA,NA
244,1701,Sample244,0.9236,0.934,0.908450704
820,2869,Sample820,NA,NA,NA
16,0,Sample16,NA,NA,NA
703,0,Sample703,NA,NA,NA
284,3502,Sample284,0.2932,0.303,0.274531422
414,2368,Sample414,NA,NA,NA
925,978,Sample925,NA,NA,NA
131,0,Sample131,NA,NA,NA
296,22,Sample296,NA,0.455,NA
644,7063,Sample644,NA,NA,NA
730,0,Sample730,NA,NA,NA
937,401,Sample937,NA,NA,NA
286,227,Sample286,NA,NA,NA
38,0,Sample38,NA,NA,NA
909,3495,Sample909,NA,NA,NA
203,191,Sample203,NA,0.967,0.965517241
605,1261,Sample605,NA,NA,NA
356,1387,Sample356,0.8721,0.869,0.86977887
749,0,Sample749,NA,NA,NA
859,93,Sample859,NA,NA,NA
85,1,Sample85,NA,NA,NA
351,15,Sample351,NA,1,0.692307692
567,2206,Sample567,NA,NA,NA
508,6611,Sample508,NA,NA,NA
360,247,Sample360,NA,NA,NA
718,0,Sample718,NA,NA,NA
191,1327,Sample191,0.9955,0.997,0.991643454
394,2069,Sample394,NA,NA,NA
524,2020,Sample524,NA,NA,NA
942,8,Sample942,NA,NA,NA
159,65,Sample159,NA,1,0.954545455
433,413,Sample433,NA,NA,NA
610,1218,Sample610,NA,NA,NA
615,956,Sample615,NA,NA,NA
938,646,Sample938,NA,NA,NA
429,3289,Sample429,NA,NA,NA
416,1136,Sample416,NA,NA,NA
334,6,Sample334,NA,NA,NA
69,0,Sample69,NA,NA,NA
204,4,Sample204,NA,1,NA
599,1130,Sample599,0.2633,0.267,0.256410256
898,142,Sample898,NA,NA,NA
833,1526,Sample833,NA,NA,NA
828,220,Sample828,NA,NA,NA
750,26,Sample750,NA,NA,NA
473,6006,Sample473,NA,NA,NA
241,5468,Sample241,0.8435,0.842,0.837431694
563,372,Sample563,NA,NA,NA
156,0,Sample156,NA,NA,NA
709,0,Sample709,NA,NA,NA
646,2933,Sample646,NA,NA,NA
459,14,Sample459,NA,NA,NA
4,0,Sample4,NA,NA,NA
68,0,Sample68,NA,NA,NA
510,2493,Sample510,NA,NA,NA
845,1153,Sample845,NA,NA,NA
357,1030,Sample357,0.9178,0.906,0.895470383
52,2,Sample52,NA,NA,NA
640,94,Sample640,NA,NA,NA
754,0,Sample754,NA,NA,NA
342,12,Sample342,NA,NA,NA
512,1483,Sample512,NA,NA,NA
612,1198,Sample612,NA,NA,NA
330,32,Sample330,NA,1,1
579,2637,Sample579,NA,NA,NA
933,3032,Sample933,NA,NA,NA
271,2308,Sample271,0.1209,NA,NA
931,18,Sample931,NA,NA,NA
917,753,Sample917,NA,NA,NA
277,4,Sample277,NA,NA,NA
147,0,Sample147,NA,NA,NA
727,2,Sample727,NA,NA,NA
206,3713,Sample206,0.8877,0.897,0.881808839
777,213,Sample777,NA,NA,NA
96,0,Sample96,NA,NA,NA
708,0,Sample708,NA,NA,NA
630,141,Sample630,NA,NA,NA
688,0,Sample688,NA,NA,NA
387,2733,Sample387,NA,NA,NA
768,3517,Sample768,NA,NA,NA
160,9,Sample160,NA,NA,NA
250,4115,Sample250,0.9956,0.998,0.981034483
402,1588,Sample402,NA,NA,NA
829,836,Sample829,NA,NA,NA
587,2169,Sample587,NA,NA,NA
804,731,Sample804,NA,NA,NA
437,1376,Sample437,NA,NA,NA
43,2,Sample43,NA,NA,NA
186,46,Sample186,NA,NA,NA
108,1,Sample108,NA,NA,NA
395,2254,Sample395,NA,NA,NA
487,1367,Sample487,NA,NA,NA
329,2,Sample329,NA,NA,NA
262,10,Sample262,NA,NA,NA
830,2201,Sample830,NA,NA,NA
415,2092,Sample415,NA,NA,NA
7,0,Sample7,NA,NA,NA
81,3,Sample81,NA,NA,NA
748,0,Sample748,NA,NA,NA
472,14,Sample472,NA,NA,NA
657,524,Sample657,NA,NA,NA
600,2796,Sample600,NA,NA,NA
280,254,Sample280,0.381,NA,0.358024691
183,1,Sample183,NA,NA,NA
447,3548,Sample447,NA,NA,NA
196,9265,Sample196,0.5118,0.489,0.49872449
128,5,Sample128,NA,NA,NA
234,55,Sample234,NA,NA,NA
546,3520,Sample546,NA,NA,NA
620,410,Sample620,NA,NA,NA
928,5280,Sample928,NA,NA,NA
101,0,Sample101,NA,NA,NA
22,0,Sample22,NA,NA,NA
307,232,Sample307,0.8362,0.818,0.858974359
891,0,Sample891,NA,NA,NA
677,0,Sample677,NA,NA,NA
94,1,Sample94,NA,NA,NA
707,1,Sample707,NA,NA,NA
353,520,Sample353,0.2939,0.315,0.316129032
123,8,Sample123,NA,1,1
48,0,Sample48,NA,NA,NA
454,4252,Sample454,NA,NA,NA
668,3514,Sample668,NA,NA,NA
523,662,Sample523,NA,NA,NA
177,1,Sample177,NA,NA,NA
332,286,Sample332,NA,1,0.986486486
813,432,Sample813,NA,NA,NA
111,155,Sample111,NA,NA,NA
532,1808,Sample532,0.6633,0.671,0.678571429
337,0,Sample337,NA,NA,NA
209,935,Sample209,0.0725,NA,NA
682,1,Sample682,NA,NA,NA
294,186,Sample294,0.4194,0.427,0.468085106
746,0,Sample746,NA,NA,NA
923,3548,Sample923,NA,NA,NA
775,1459,Sample775,NA,NA,NA
49,64,Sample49,NA,NA,NA
112,2,Sample112,NA,NA,NA
139,0,Sample139,NA,NA,NA
149,0,Sample149,NA,NA,NA
192,0,Sample192,NA,NA,NA
176,143,Sample176,0.6286,0.661,0.680851064
426,1815,Sample426,NA,NA,NA
778,2925,Sample778,NA,NA,NA
652,899,Sample652,NA,NA,NA
865,2364,Sample865,NA,NA,NA
467,3580,Sample467,NA,NA,NA
745,1,Sample745,NA,NA,NA
743,0,Sample743,NA,NA,NA
879,1475,Sample879,NA,NA,NA
455,1595,Sample455,NA,NA,NA
679,0,Sample679,NA,NA,NA
370,581,Sample370,0.1345,NA,NA
88,2,Sample88,NA,NA,NA
142,0,Sample142,NA,NA,NA
580,757,Sample580,NA,NA,NA
773,2900,Sample773,NA,NA,NA
384,1359,Sample384,0.0191,NA,NA
352,44,Sample352,NA,NA,NA
24,1,Sample24,NA,NA,NA
844,1964,Sample844,NA,NA,NA
551,1626,Sample551,NA,NA,NA
874,5387,Sample874,NA,NA,NA
201,528,Sample201,0.5947,0.586,0.692307692
146,6,Sample146,NA,1,NA
350,76,Sample350,NA,NA,1
799,738,Sample799,NA,NA,NA
371,368,Sample371,0.8297,0.826,0.836538462
704,0,Sample704,NA,NA,NA
714,52,Sample714,NA,NA,NA
83,62,Sample83,NA,NA,NA
860,3203,Sample860,NA,NA,NA
823,1915,Sample823,NA,NA,NA
182,4,Sample182,NA,NA,NA
214,665,Sample214,NA,1,1
816,150,Sample816,NA,NA,NA
582,465,Sample582,NA,NA,NA
403,2199,Sample403,NA,NA,NA
66,0,Sample66,NA,NA,NA
882,16,Sample882,NA,NA,NA
910,7638,Sample910,NA,NA,NA
380,290,Sample380,NA,NA,NA
529,73,Sample529,NA,NA,NA
336,410,Sample336,0.6537,NA,0.682692308
660,2166,Sample660,NA,NA,NA
293,1285,Sample293,NA,NA,NA
317,519,Sample317,NA,1,0.96969697
155,3,Sample155,NA,NA,NA
876,7759,Sample876,NA,NA,NA
35,91,Sample35,NA,NA,NA
734,0,Sample734,NA,NA,NA
835,1243,Sample835,NA,NA,NA
903,2815,Sample903,NA,NA,NA
900,3,Sample900,NA,NA,NA
515,3131,Sample515,NA,NA,NA
225,102,Sample225,0.549,0.511,0.444444444
144,0,Sample144,NA,NA,NA
955,4063,Sample955,0.1929,NA,NA
790,2747,Sample790,NA,NA,NA
442,3048,Sample442,NA,NA,NA
190,8,Sample190,NA,NA,NA
575,947,Sample575,NA,NA,NA
14,2,Sample14,NA,NA,NA
343,1,Sample343,NA,NA,NA
389,4779,Sample389,NA,NA,NA
245,34,Sample245,NA,NA,NA
559,341,Sample559,NA,NA,NA
411,1388,Sample411,NA,NA,NA
705,2,Sample705,NA,NA,NA
757,0,Sample757,NA,NA,NA
273,192,Sample273,0.2917,NA,0.338983051
379,1693,Sample379,0.2943,0.281,0.322981366
592,2049,Sample592,NA,NA,NA
890,3430,Sample890,NA,NA,NA
739,0,Sample739,NA,NA,NA
215,139,Sample215,0.6667,NA,0.590909091
870,553,Sample870,NA,NA,NA
726,2,Sample726,NA,NA,NA
162,0,Sample162,NA,NA,NA
297,414,Sample297,NA,NA,NA
212,17626,Sample212,0.2485,NA,NA
941,372,Sample941,NA,NA,NA
63,0,Sample63,NA,NA,NA
674,1,Sample674,NA,NA,NA
721,50,Sample721,NA,NA,NA
446,3277,Sample446,NA,NA,NA
519,30,Sample519,NA,NA,NA
272,482,Sample272,0.9362,0.938,0.931034483
335,143,Sample335,NA,1,0.980769231
505,1301,Sample505,NA,NA,NA
166,105,Sample166,NA,NA,NA
795,2123,Sample795,NA,NA,NA
84,0,Sample84,NA,NA,NA
548,4253,Sample548,NA,NA,NA
866,6933,Sample866,NA,NA,NA
535,2436,Sample535,NA,NA,NA
441,168,Sample441,NA,NA,NA
412,3188,Sample412,NA,NA,NA
15,962,Sample15,NA,NA,NA
305,165,Sample305,NA,NA,NA
243,1640,Sample243,0.0414,NA,NA
781,251,Sample781,NA,NA,NA
363,3317,Sample363,0.3954,0.379,0.403607666
213,26,Sample213,NA,NA,NA
386,2085,Sample386,NA,NA,NA
661,2600,Sample661,NA,NA,NA
555,880,Sample555,NA,NA,NA
484,2301,Sample484,NA,NA,NA
759,2,Sample759,NA,NA,NA
443,3681,Sample443,NA,NA,NA
494,2252,Sample494,NA,NA,NA
853,181,Sample853,NA,NA,NA
233,2828,Sample233,0.0782,NA,NA
502,3105,Sample502,NA,NA,NA
260,1948,Sample260,0.808,0.8,0.829827916
808,1145,Sample808,NA,NA,NA
282,323,Sample282,NA,1,1
729,0,Sample729,NA,NA,NA
958,0,Sample958,NA,NA,NA
306,0,Sample306,NA,NA,NA
339,1,Sample339,NA,NA,NA
481,30,Sample481,NA,NA,NA
843,514,Sample843,NA,NA,NA
327,119,Sample327,0.7759,NA,0.727272727
239,79,Sample239,NA,NA,NA
538,615,Sample538,NA,NA,NA
72,0,Sample72,NA,NA,NA
889,6959,Sample889,NA,NA,NA
801,2547,Sample801,NA,NA,NA
120,0,Sample120,NA,NA,NA
362,0,Sample362,NA,NA,NA
314,2,Sample314,NA,NA,NA
832,1629,Sample832,NA,NA,NA
202,3668,Sample202,0.1223,NA,NA
344,2586,Sample344,0.2247,0.22,NA
122,4,Sample122,NA,1,NA
222,5630,Sample222,0.5509,0.548,0.561415684
465,3019,Sample465,NA,NA,NA
303,10,Sample303,NA,NA,NA
12,1,Sample12,NA,NA,NA
36,0,Sample36,NA,NA,NA
940,2,Sample940,NA,NA,NA
873,4861,Sample873,NA,NA,NA
673,0,Sample673,NA,NA,NA
654,383,Sample654,NA,NA,NA
553,897,Sample553,NA,NA,NA
564,2132,Sample564,NA,NA,NA
770,2144,Sample770,NA,NA,NA
537,2300,Sample537,NA,NA,NA
391,230,Sample391,NA,NA,NA
301,17,Sample301,NA,0.25,NA
616,1444,Sample616,NA,NA,NA
719,1,Sample719,NA,NA,NA
482,896,Sample482,NA,NA,NA
385,1387,Sample385,NA,NA,NA
854,189,Sample854,NA,NA,NA
31,2,Sample31,NA,NA,NA
240,316,Sample240,0.8165,0.825,0.785714286
420,2490,Sample420,NA,NA,NA
3,2,Sample3,NA,NA,NA
55,0,Sample55,NA,NA,NA
760,0,Sample760,NA,NA,NA
257,486,Sample257,NA,NA,NA
609,213,Sample609,0.8462,0.854,0.794520548
74,0,Sample74,NA,NA,NA
569,1139,Sample569,NA,NA,NA
780,3355,Sample780,NA,NA,NA
70,0,Sample70,NA,NA,NA
927,5217,Sample927,NA,NA,NA
683,0,Sample683,NA,NA,NA
308,1696,Sample308,0.604,0.606,0.569506726
375,2,Sample375,NA,NA,NA
275,287,Sample275,0.8592,0.859,0.916666667
261,6,Sample261,NA,0.667,0.666666667
810,1586,Sample810,NA,NA,NA
100,157,Sample100,NA,1,0.979166667
319,3796,Sample319,0.9375,0.938,0.927
316,1776,Sample316,0.2957,0.289,0.318091451
115,64,Sample115,0.8438,0.318,0.888888889
765,0,Sample765,NA,NA,NA
663,2420,Sample663,NA,NA,NA
603,1836,Sample603,NA,NA,NA
571,969,Sample571,NA,NA,NA
200,1502,Sample200,0.7124,0.714,0.710955711
451,3250,Sample451,NA,NA,NA
839,815,Sample839,NA,NA,NA
920,5017,Sample920,NA,NA,NA
880,5610,Sample880,NA,NA,NA
638,992,Sample638,NA,NA,NA
460,4351,Sample460,NA,NA,NA
279,3051,Sample279,0.6174,0.616,0.590361446
372,3758,Sample372,0.8503,0.821,0.854954035
185,2,Sample185,NA,NA,NA
542,2760,Sample542,NA,NA,NA
28,0,Sample28,NA,NA,NA
572,5260,Sample572,NA,NA,NA
64,0,Sample64,NA,NA,NA
701,0,Sample701,NA,NA,NA
77,0,Sample77,NA,NA,NA
756,2,Sample756,NA,NA,NA
787,2438,Sample787,NA,NA,NA
784,1969,Sample784,NA,NA,NA
309,0,Sample309,NA,NA,NA
254,285,Sample254,0.6268,0.611,0.692307692
444,3176,Sample444,NA,NA,NA
171,3,Sample171,NA,NA,NA
40,0,Sample40,NA,NA,NA
819,3884,Sample819,NA,NA,NA
831,2997,Sample831,NA,NA,NA
326,10,Sample326,NA,1,NA
20,0,Sample20,NA,NA,NA
788,2189,Sample788,NA,NA,NA
216,2,Sample216,NA,NA,NA
687,0,Sample687,NA,NA,NA
397,1885,Sample397,NA,NA,NA
236,3402,Sample236,NA,NA,NA
850,998,Sample850,NA,NA,NA
653,3027,Sample653,NA,NA,NA
621,183,Sample621,NA,NA,NA
427,836,Sample427,NA,NA,NA
251,5218,Sample251,0.3781,NA,0.363703704
289,114,Sample289,NA,NA,NA
689,2,Sample689,NA,NA,NA
440,993,Sample440,NA,NA,NA
838,4694,Sample838,NA,NA,NA
849,419,Sample849,NA,NA,NA
886,40,Sample886,NA,NA,NA
785,1386,Sample785,NA,NA,NA
715,0,Sample715,NA,NA,NA
133,0,Sample133,NA,NA,NA
818,1886,Sample818,NA,NA,NA
322,613,Sample322,0.683,0.672,0.677248677
373,2189,Sample373,0.9706,0.959,0.975609756
936,20,Sample936,NA,NA,NA
836,2698,Sample836,NA,NA,NA
298,5702,Sample298,0.9206,0.916,0.91618682
205,497,Sample205,0.0323,NA,NA
278,0,Sample278,NA,NA,NA
312,33,Sample312,NA,NA,NA
126,0,Sample126,NA,NA,NA
269,26,Sample269,NA,NA,1
669,1020,Sample669,NA,NA,NA
281,2612,Sample281,0.5257,0.523,0.526695527
409,1352,Sample409,NA,NA,NA
631,48,Sample631,NA,NA,NA
856,1203,Sample856,NA,NA,NA
530,46,Sample530,NA,NA,NA
694,1,Sample694,NA,NA,NA
258,1400,Sample258,0.3732,NA,0.380462725
490,3368,Sample490,NA,NA,NA
265,1664,Sample265,0.8885,0.884,0.887850467
772,2774,Sample772,NA,NA,NA
585,1286,Sample585,NA,NA,NA
369,1875,Sample369,0.8413,0.825,0.837301587
916,6693,Sample916,NA,NA,NA
872,980,Sample872,NA,NA,NA
846,2700,Sample846,NA,NA,NA
632,527,Sample632,NA,NA,NA
169,45,Sample169,NA,0.857,1
80,0,Sample80,NA,NA,NA
345,86,Sample345,0.1628,NA,NA
358,2,Sample358,NA,NA,NA
299,2215,Sample299,NA,1,0.991568297
165,6,Sample165,NA,1,NA
44,0,Sample44,NA,NA,NA
366,0,Sample366,NA,NA,NA
311,259,Sample311,NA,1,0.985294118
578,1757,Sample578,NA,NA,NA
628,10,Sample628,NA,NA,NA
377,3531,Sample377,0.3516,NA,0.357837838
902,3324,Sample902,NA,NA,NA
197,10413,Sample197,0.7772,0.766,0.790902421
534,1262,Sample534,NA,NA,NA
800,652,Sample800,NA,NA,NA
107,22350,Sample107,0.998,1,0.990940537
887,7617,Sample887,NA,NA,NA
888,818,Sample888,NA,NA,NA
761,0,Sample761,NA,NA,NA
527,139,Sample527,NA,NA,NA
803,2172,Sample803,NA,NA,NA
583,1501,Sample583,NA,NA,NA
359,939,Sample359,0.562,0.568,0.610759494
54,0,Sample54,NA,NA,NA
457,1322,Sample457,NA,NA,NA
30,0,Sample30,NA,NA,NA
930,7909,Sample930,NA,NA,NA
681,0,Sample681,NA,NA,NA
905,16,Sample905,NA,NA,NA
424,3253,Sample424,NA,NA,NA
471,2356,Sample471,NA,NA,NA
492,2624,Sample492,NA,NA,NA
731,0,Sample731,NA,NA,NA
82,0,Sample82,NA,NA,NA
614,2831,Sample614,NA,NA,NA
91,4,Sample91,NA,NA,NA
489,452,Sample489,NA,NA,NA
589,408,Sample589,NA,NA,NA
368,1113,Sample368,0.8378,0.834,0.824840764
179,0,Sample179,NA,NA,NA
722,0,Sample722,NA,NA,NA
695,0,Sample695,NA,NA,NA
129,2,Sample129,NA,NA,NA
593,961,Sample593,NA,NA,NA
824,4022,Sample824,NA,NA,NA
521,727,Sample521,NA,NA,NA
207,90,Sample207,0.8182,0.368,0.787878788
181,0,Sample181,NA,NA,NA
304,444,Sample304,0.8288,0.824,0.76119403
741,0,Sample741,NA,NA,NA
932,7638,Sample932,NA,NA,NA
92,0,Sample92,NA,NA,NA
400,2183,Sample400,NA,NA,NA
237,48,Sample237,0.375,NA,0.263157895
802,1405,Sample802,NA,NA,NA
376,44,Sample376,0.8636,0.85,0.782608696
959,6282,Sample959,NA,NA,NA
168,6,Sample168,NA,NA,NA
23,0,Sample23,NA,NA,NA
906,0,Sample906,NA,NA,NA
138,0,Sample138,NA,NA,NA
118,0,Sample118,NA,NA,NA
678,0,Sample678,NA,NA,NA
29,0,Sample29,NA,NA,NA
435,3848,Sample435,NA,NA,NA
228,12985,Sample228,0.7524,0.749,0.75293029
483,3882,Sample483,NA,NA,NA
61,1,Sample61,NA,NA,NA
210,2533,Sample210,0.1413,NA,NA
410,2455,Sample410,NA,NA,NA
570,2269,Sample570,NA,NA,NA
231,10,Sample231,NA,NA,NA
883,6387,Sample883,NA,NA,NA
562,579,Sample562,NA,NA,NA
544,3442,Sample544,NA,NA,NA
134,0,Sample134,NA,NA,NA
496,1193,Sample496,NA,NA,NA
194,886,Sample194,0.5828,0.587,0.633928571
840,31,Sample840,NA,NA,NA
558,424,Sample558,NA,NA,NA
915,2649,Sample915,NA,NA,NA
267,192,Sample267,0.375,0.031,0.444444444
